f1,f2,f3,f4,f5,f6,f7,f8,f9,f10,f11,f12,f13,f14,f15,f16,f17,f18,f19,f20,f21,f22,f23,actual_return
0.1049812086573127,-0.9861152455854606,0.9061982485221076,0.04367549461401322,-0.0293268017870832,1.5741323484281795,0.05704710203707351,0.06726130760152138,0.04593845541316352,0.07610889162024603,0.05819289883121314,0.0659351504435467,0.04827714002940753,0.053394794660897985,0.06918215034591353,0.06528135067681597,0.05983956719562482,0.06715535968941216,0.05119934388957791,0.06357057267688279,0.07617823181597731,0.05196140078754628,0.05488124928212822,-0.028028724352175405
0.3395861303676785,-0.6945250719112722,1.7441687553837082,0.13310036326744373,0.12294058619599808,2.5892147293244094,0.1547658507612612,0.09406643607974824,0.11822796739128559,0.09092879363761147,0.13040120114679232,0.14315445822623843,0.1328018374755967,0.138834942304835,0.11712238864112785,0.1022632714143406,0.10831213749430857,0.10436990238228708,0.10027675323017983,0.0975671100744358,0.09884362126430446,0.1309196050978215,0.10938292533061297,-0.07128494311567224
0.009436100740862511,0.9406400559575236,-0.08281634015872222,-0.0002735774345236465,0.051778925450961084,3.532802253041611,0.003162295332021805,0.0029208806916520232,0.002319223363539745,0.0022297179115898123,0.0026804508196856115,0.003232276500255145,0.0022771246130936446,0.0024854539044218285,0.003687118003419943,0.003234411080729191,0.0026599878051795753,0.0036908841525957405,0.002791866547899061,0.002795478341339499,0.0024064599347715823,0.002394158874482067,0.002666733020173335,0.054141284726213046
0.08818041971028946,-0.41673994650876595,0.311888705967196,0.041000028901498294,0.1610906574309042,3.12363685281328,0.04438595868299908,0.04951017094845078,0.06257888937613697,0.06140903300307692,0.05488683667216429,0.0644272264736886,0.05656454087334508,0.0541232822689764,0.06742507212601422,0.05792004132407565,0.04848048913316727,0.0469209167898152,0.06039253390719296,0.04491286458921774,0.037469774268263374,0.06457014124637946,0.0620550937645139,0.028217399999452164
0.06936357978893064,-0.8065056459225677,0.21516767688410932,0.028646864133538362,0.007611481441173363,3.468241620202562,0.0309823140695562,0.030459181372194232,0.02365161948531102,0.030248634939069895,0.03224594437500099,0.03339113476850339,0.02352273874880386,0.0377889219508185,0.0377451685620902,0.03646644533395588,0.021630146601396515,0.03244129175444107,0.02424051846793784,0.030149774933196236,0.03744018916204944,0.025033565806089064,0.021692014965393417,0.019475506312025326
-0.04837308003605523,-1.0071988203311149,-0.6263616385249438,-0.005838184483722431,-0.05601026133892037,0.9567919740483335,-0.025604448482102218,-0.02289611990786597,-0.03299348856950314,-0.025507432885041315,-0.023294389713966024,-0.02234414585986124,-0.03182309736392369,-0.023687495569676472,-0.020962958488172527,-0.025766431253226287,-0.029895498397331747,-0.019590871966320575,-0.02027161496247487,-0.03247443194926532,-0.019992398314061632,-0.03310160330807916,-0.024398100847567033,0.024367185414245318
0.01707194843801484,-0.771506540578839,0.6015636777137123,0.010356859899819009,-0.01760833869022875,3.094608502556964,0.008177141608483748,0.01001537833655945,0.008556407139164484,0.008015293938692025,0.007434822139752645,0.012593113834273577,0.01119518159390419,0.010819342171071363,0.00999155830211207,0.012017002418760374,0.012130623744926615,0.008921389266781534,0.010437488524620028,0.012485010627312113,0.01230885775323943,0.012405696037065974,0.011795406762282478,-0.017239133117966543
0.07128584044395703,-0.15104471896768717,-0.17144734036646161,0.018527277952079535,0.14509524188879175,1.7466126901222472,0.03226499781378473,0.029207397420648262,0.03664842867107326,0.04116657632966172,0.04826636801748338,0.04252152144455463,0.03819194370045491,0.03035595837183722,0.030205495253119646,0.040838753317444895,0.030127999115459454,0.03482425182051445,0.029894303613323,0.048104846484355965,0.03015924979366435,0.03621720142737679,0.04100054938694909,0.007220691816033797
0.10004673622450436,-0.7339828956189074,1.4825585915230177,0.08188241014103877,0.061201785896589325,3.3188789544652946,0.07874136179980755,0.08483315450278724,0.057236600794603555,0.0849536179983704,0.04789300078106975,0.04987092394874995,0.08544814821623803,0.07627607434432705,0.06322031724221741,0.05655435939487796,0.05360718578479749,0.05181556957961271,0.07524773227889997,0.07693123411575542,0.06520316855781749,0.06993486188579894,0.06216111531971213,-0.07387808659127781
0.07864032248774418,-0.16269991796261102,0.09015964564146106,0.029694679761128114,0.20532271486345324,3.2592573157691285,0.04662001581921245,0.05192391158812914,0.03269733566280372,0.0584370357951433,0.03905126896046164,0.05254989134665865,0.04167976174140948,0.05617309790134873,0.03473341676887521,0.03317591006863749,0.056239930868362896,0.040325123511311727,0.04514222955146111,0.041256670791746754,0.03552365148208155,0.04057443916603342,0.05420593767212246,0.0048039970756919015
0.02947584372241459,-0.42956781602802196,-0.027995652787718733,0.008368826949452667,0.040325096351341995,2.9614502528847817,0.011304803705669508,0.009777664579862719,0.012308566885538384,0.0128593158914904,0.016988939616170564,0.014293182664156306,0.017019882464088466,0.016482763482975,0.011308595469759864,0.011130710356727363,0.01694684932301504,0.015665384428242234,0.013140542754078425,0.009420026284848344,0.015642795143233454,0.009584773966418601,0.012317199874320641,0.0811977557547443
0.0064096990459680935,-6.477811434952998,0.5500134932886547,-0.007919337376835386,0.12859451724821533,2.8086126821485857,-0.00011880279988187458,-8.458778398002929e-05,-0.00011389455989233451,-8.526614526803528e-05,-6.829795819486285e-05,-0.00010739391775737101,-0.00011525613027559761,-8.78924195223836e-05,-0.0001247841658041626,-0.00011074183017672806,-7.842285028594373e-05,-7.452955710372446e-05,-7.272664727266408e-05,-0.00011769254534876773,-9.873929075947119e-05,-9.391187522456425e-05,-0.00012136221432643738,0.05692155437723989
0.056363288692686565,0.10646570561118614,-0.2536899080481741,0.014154352869588778,0.0942283678956569,1.3500567317181489,0.02814204536085723,0.02318333948247287,0.020912788939383437,0.024611958541664338,0.02992625933648103,0.021132161387903445,0.0364966127301408,0.03369531117879375,0.03167619614376129,0.03598764522834588,0.03695417910171551,0.025356110227554955,0.0362982222039822,0.03282042901756549,0.02849819298085497,0.02540353708366626,0.02395960584779945,0.10923652401894257
0.07274801665396358,-0.07244847127878996,0.20800335484758328,0.026974312502762852,0.16194290170410033,2.4620229302614867,0.030054806170458782,0.03996768858231233,0.03781188588082116,0.04337650741917323,0.05011536042753407,0.028879407948771203,0.039804783122191115,0.05087213791615742,0.043676432892601605,0.032872076237804186,0.04408417662051449,0.039480206682699935,0.050901066959402476,0.047934339967285626,0.03253998975264937,0.04768073544408747,0.037024907368253326,0.06204579342907768
0.06516715043006265,-0.4513034863403546,0.9187785782957272,0.03370822528079078,0.06008508834180816,1.5052891802668582,0.036028895969713697,0.030328489612201394,0.032147760932646166,0.040962853299335605,0.04224557351824933,0.03660737046134489,0.050333442984795425,0.049554379732770874,0.04625549294371091,0.05142067019892182,0.040109115442412545,0.04931918768078252,0.034122375672894015,0.03906554031149686,0.052789138816650254,0.030700323498713787,0.03394768635313155,0.07810934289224924
0.052926270188972294,0.05271921381506021,0.05662542542372195,0.020610215844668333,0.11292569003923734,2.3513560808632734,0.02327143571740766,0.03400917372328816,0.02247000258662753,0.037402651767437886,0.023314187870110054,0.02125011063684316,0.037904856520210646,0.03038041706906198,0.03441394590286075,0.02126205139568471,0.021451983695169412,0.025499760530461612,0.024985422381701042,0.02117174708781422,0.03217710000310611,0.028767543688439885,0.03271955349085496,0.15889675581699914
0.021873879768073107,-0.7026965041899736,0.12186886001217159,0.012281807074403815,-0.001105484584142144,1.8923149797236571,0.013832681838022103,0.010201522787159028,0.015087579350821513,0.012446236172747274,0.016145906507906174,0.012595431853598283,0.014118521793570272,0.013984904554351049,0.009999278350070282,0.014260585700924058,0.011194783310504533,0.011654679143408876,0.015298949308920135,0.01344236597401795,0.016191865122730832,0.01107215535214207,0.011121623115307549,0.03640704732958433
0.029935589868513194,0.18402166180149554,-0.6237067949754382,0.005011563986136479,0.04301036958673987,0.5809302534189418,0.01418283104533141,0.013572591381272588,0.014034021927653247,0.0141336987749937,0.017054918847263137,0.02211563303893552,0.019110197403237793,0.018674535761111128,0.016087759793024185,0.020196709878048214,0.01658894364636177,0.0232391203598252,0.01979586461151842,0.01426440187856797,0.019821040304763254,0.021097718349010638,0.01894602156993609,0.067935425764029
0.19153469628986916,-0.29811448511643773,0.14045820163406386,0.024503216244262188,0.13180514126080137,2.8802862274111862,0.037660355942713546,0.031548918089953824,0.03832979347880735,0.04145279282211477,0.04618633837445392,0.03312265041324416,0.035908835914723235,0.0352740174962045,0.0399453966999271,0.04257904380645467,0.03527301297340083,0.03425493756753473,0.04466893535058551,0.025993849566841722,0.0372341085107876,0.026959583168931787,0.042830104110031506,0.04366154692415258
0.08830626188981085,-0.08709765272974124,-0.1974821143013125,0.01781869569388588,0.11847184941865045,2.9237270270324247,0.027653170178316512,0.03325789753485945,0.029429530200313955,0.030554631226262095,0.03319389275275349,0.030185349004857052,0.023873937278314883,0.03295018050410338,0.034856802550475366,0.024096039448224662,0.03518797418887846,0.03530579367685669,0.028319120236671557,0.03258028239802578,0.03512632106987551,0.02318000063307337,0.024845076617905797,0.003984918628126444
0.1043162638637959,0.329955399952177,-0.07059084601763492,0.016176941366496,0.19701721419912469,2.4420222202631856,0.0484076859676082,0.04559555157658159,0.03251036417185416,0.03356799953670506,0.04280757907668402,0.03775368208381555,0.04842001863275861,0.0389139687789715,0.04496723883551404,0.030143826297090653,0.03713846341035583,0.030192749773747998,0.03026029237330479,0.036061872503539545,0.032397534934789085,0.04556086813345443,0.049126268691511835,0.2398437298192475
0.021582960231286676,-0.37384953659090864,0.23072800976730912,0.007909235457330426,0.02994205974792139,3.986999494277393,0.007549767609979894,0.010786170758230443,0.011335790130526775,0.012110860685986307,0.009642897828821039,0.009919427771918852,0.010199014978099809,0.007030787754907714,0.008395058948439517,0.008087901534292808,0.007403474102968946,0.007367575182116603,0.0069357478779167045,0.008431040582390657,0.010772876264896078,0.009390770645369955,0.00950767787613838,-0.0038992341204007186
0.15613677113697405,-0.30254970070866655,1.0224184751449554,0.06702049805702319,0.18966380209531064,3.1395074870370645,0.08254364462494755,0.09053330087996035,0.06969863778968999,0.05172525364326411,0.08298905749560899,0.060673134462830056,0.0499658449396599,0.07783389798432111,0.06519875967570654,0.07090715854473227,0.052702616901951424,0.07226935881607001,0.06814625790732491,0.07678134242060479,0.057724788458073446,0.06747253916403613,0.0768895266178589,-0.03670172870836552
0.19858611941324725,-0.3692516067609636,1.435190661973953,0.10304879910697876,0.3348116704633262,3.075183764874419,0.12426030617728584,0.1298297068095119,0.12890740385424138,0.12483904832605182,0.0894779017351512,0.10948280740619111,0.08642047078228773,0.10695711725034034,0.08788796341182162,0.10619539314205191,0.09860976557012606,0.14044951115977503,0.1373746836940556,0.13150424411994582,0.14328286944456403,0.10974849103312333,0.12904106000592677,-0.02176289338076809
0.0014550277187566974,1.621544337016143,0.3087756002635951,-0.0022321983815139414,0.035799739978351855,3.691008883453675,-7.733119934036147e-05,-8.07799306137965e-05,-6.934973883888851e-05,-7.061889317705474e-05,-8.397121101417616e-05,-5.326605311774461e-05,-5.9831041696714715e-05,-7.741351368416371e-05,-5.638298327661837e-05,-8.035107632886619e-05,-6.806566935137933e-05,-6.002300592702653e-05,-6.57740002462452e-05,-7.49783494277357e-05,-6.345221522156704e-05,-4.853770465547286e-05,-6.222929128358222e-05,-0.004163522780000983
0.026455278013805726,-0.02711668074280001,0.1760445803481847,0.009332764502162902,0.09720867131078641,4.663510263748235,0.01805751419967653,0.015296082745146284,0.01207478224506182,0.010607733217877788,0.010878900632056815,0.016090310727336344,0.015431441985194824,0.0148990644707721,0.014475069447892671,0.011825490639531434,0.01867713025059681,0.013913298057439676,0.01646343277281058,0.016964347571425696,0.015677208059386438,0.011244109967717684,0.011045438907599667,0.04478392131778053
0.02985481976919542,-0.8340390932611711,0.6773431681269326,0.03580155417315609,-0.005462036187454833,3.795728514707709,0.024358632078254797,0.030580951047503226,0.025026093348965682,0.021398979985122146,0.028381056035724214,0.027021858682094776,0.022234091510701628,0.02623595760539208,0.018858261155141384,0.02024841721905096,0.019178717159447224,0.01977621171235154,0.03140227615013502,0.026660873675879708,0.025559606691216395,0.024408922391573266,0.018742042259278977,-3.909226025633483e-05
0.28261140122966727,-0.3444734578171987,1.8654811388013859,0.11657801806480353,0.3124401413196861,2.0699258139177066,0.11353421510080508,0.13639531503719496,0.10957765137437524,0.17658307250227634,0.1334028834177148,0.1764981976209185,0.16908249068731918,0.17448468528429636,0.10275248438088144,0.16396684764979758,0.14633180542689933,0.12604523396752532,0.15806069724460595,0.11672250494429721,0.1533396125866519,0.14467702640552743,0.16344128837407096,-0.07431470997565515
0.014518455485298384,2.144710876263225,-0.6521739130434778,-0.0008373392479254508,0.046836035993348964,1.4101598304266043,0.00514572784146107,0.00404573046366703,0.005486872635793222,0.0031454123943639462,0.004257819221114713,0.004340002992982466,0.003377929957157201,0.003998956971098187,0.0035198220098507944,0.003469838907707497,0.003899927666444294,0.0053681342064487705,0.00498024987299034,0.003023458595576226,0.005366986030084275,0.004757076920831759,0.004310693251805543,0.7441860465116279
0.047536947329035385,-0.31210265106177915,0.17251433842379277,0.01568063113233402,0.06659207933897329,3.6676455859612793,0.013708406424762964,0.01412199150842603,0.019256388113857797,0.01637658765072732,0.015427424023599074,0.01294007696173092,0.015783730643606265,0.013815625338782436,0.020084457309261176,0.01704057480118036,0.018532458229332444,0.01638494243790024,0.020756139026910956,0.018053199374386333,0.01924848493114681,0.02153591901891934,0.022965244067053376,0.11506554386106771
0.08608991117234058,-0.30343798168933894,0.6572256770797713,0.042080272256578,0.18717700756966188,3.208455418425886,0.0370062901666346,0.04820526311982076,0.055575030169337035,0.039738363915645586,0.044461133526209624,0.06516326301763395,0.04339807638101098,0.03676745183789761,0.05739138778487566,0.06154308629854633,0.04887000449622005,0.04088021708807329,0.05538098931975339,0.03861132186836079,0.03638056548657477,0.03978615993447736,0.05714774273666676,-0.015253586476491887
0.024866870486647017,0.7947007348758525,0.26754452443547017,0.0034647802091829667,0.12168458123462488,2.6062461519554803,0.014518686155910846,0.01272837017535275,0.009862456891379864,0.016927840916624352,0.012688100247243973,0.01129394118776001,0.01215476619755985,0.013198210058732692,0.014837316531259897,0.014562084010306219,0.012989332287080704,0.011652020996230972,0.011889470434391765,0.012115509154325615,0.013521634281232918,0.014805266340945273,0.01098374215527173,0.083274993769056
0.009634973451011162,-10.559210121716294,0.4923511498025368,-0.009436158903278102,0.08239725162371335,3.2286885289760536,0.0005251815238411443,0.00040086724659191373,0.00036625235952424145,0.0003065563285691601,0.0004905640002746136,0.00030199736337849383,0.00037015028536796827,0.000411665251443551,0.00047449491003730333,0.0005164781445529868,0.0003676119730114007,0.0005136518428331575,0.0003212664693439213,0.0004913744290905881,0.0003755601819325086,0.0003841425590214304,0.000321402052616141,0.07021941683229183
0.14365312835564406,-0.48741182823957324,1.6874053850734483,0.08109869435719852,0.14613939095156125,2.6073707526009584,0.07600582988907569,0.06833033238251407,0.07632974415238186,0.098843360258845,0.062115415062850815,0.09702384553061122,0.08204197251338884,0.10042143342840291,0.057284357228892135,0.10198962447092982,0.06542585016520493,0.0816368069897471,0.09808096908057991,0.07909209817601899,0.05971226750864702,0.061915289812979585,0.0800747207940055,0.04934002458248621
0.12885478556964267,-0.8446325581976806,1.4978016428310508,0.10859849425515007,0.037779592631788796,3.594241478745446,0.10113486900838425,0.10229170163987733,0.0929196357069755,0.1007998487928829,0.09684970504942095,0.06462462801849302,0.06136295175456212,0.10165730099765573,0.07204978472791469,0.07205554674251502,0.07515974228597011,0.10102612191338982,0.07264586101859564,0.06982807342658942,0.06648023903356921,0.06271630965245344,0.05525358616024516,-0.06931872650487103
0.048553868015806786,-0.8637366275207371,0.5914570390281748,0.0304839375524463,-0.010371313091484523,3.7025943344259087,0.02990434050906619,0.028468675428149813,0.03658464788527805,0.026022611770729166,0.021194805211631574,0.03685668325984729,0.029937877785063245,0.025746560923911747,0.03765363000875832,0.034934202394794334,0.03176963273877285,0.022127412721930213,0.022827877781136135,0.036625396495971387,0.022055063881015517,0.021807483665964852,0.037861276271356395,0.0088434943312663
0.08712696115931298,-0.3271792242157886,0.07558063164288617,0.03304273719275395,0.1664929295064888,3.4713962489066645,0.055881772631394454,0.03505641946063568,0.04342217872786028,0.0358698410288212,0.03282804598742708,0.036185164650073376,0.03749547239200843,0.04070192527785385,0.05785257122146175,0.04521136162146511,0.03511107085997158,0.03479494336758341,0.04693923307180942,0.0510903749190445,0.04848207292494148,0.03745279655983108,0.05564713796393307,0.029674591537538042
0.05496828230091064,1.4709033948651553,0.09171494789546425,0.0045816609061659465,0.13249377764572168,3.2388350108731205,0.016788962360794146,0.01830258330545009,0.018934702554363234,0.013522974557675737,0.019007039539689186,0.019735068338317004,0.020867483694984014,0.01287702211275932,0.019552499819633862,0.020298460099974523,0.019405751807297113,0.013728219386515179,0.018141389919814604,0.015529874532032396,0.014680989165867487,0.018834639521607768,0.01276199338376293,-0.015298421766164472
0.019961560057043536,-0.3707245559212344,0.44358911394777323,0.0063959888429293964,0.029767180553495167,2.8043340253778832,0.011279578141711693,0.007365075410602235,0.010491168843495406,0.012613582435263287,0.00996077963587619,0.008480150810834983,0.012479030153424272,0.012515017251498914,0.013113735107515817,0.011154620975415929,0.00827458035028468,0.012407173437360237,0.012738555940119706,0.01210110033898227,0.00900349806821893,0.013026426649416304,0.011602750992564529,-0.02079841744310995
0.14468748714849508,-0.3450126559954844,0.7984916107063067,0.07080957097464516,0.3318880803927094,3.70926814451269,0.07546368572157473,0.05871632039040891,0.06568505611183904,0.0779853390577762,0.0759154401551418,0.0705767640948014,0.08634403496930854,0.08052405141021857,0.10752591364768184,0.09809223766399583,0.0792648488401565,0.07000832923599433,0.06893058498547605,0.07732228922645859,0.08078510669727447,0.08909586918087384,0.06390380864749594,-0.0570046250377767
0.024470298291209964,-0.7470962779992453,0.5313588641169931,0.019578000651801035,-0.0018284118000831985,4.2433153765237,0.018520429630042457,0.018809431376589237,0.019673564359084086,0.017594387547498175,0.017196667370447796,0.011775643846931423,0.016282450401127267,0.013183957994993709,0.016227248803820916,0.011915555595357664,0.014693737412428656,0.011755187495578618,0.017986245486617466,0.01704779788920104,0.016081576328214713,0.013905082941270248,0.017208437225221394,-0.032169283953898176
0.049957368714100524,-0.8349767967823929,0.11012392364910362,0.016504194057786314,-0.011702074031052846,2.6439181708288935,0.023875055415711357,0.023058124620283022,0.02716948658279244,0.025203796111766888,0.01726959877209855,0.02517805547971845,0.0178867111287073,0.021450848057875543,0.024761481062975526,0.026393477383514954,0.025796261873978297,0.025919515905185514,0.02041106281889147,0.026413892425704022,0.020347529481130472,0.01875771297863385,0.026794867461284233,0.010892440535917425
0.48597394859961135,-0.9121980624483373,2.0459625332890807,0.1579447597048381,0.01850246280932078,2.6752875853070583,0.11495009841408618,0.10025018125671993,0.1472942669024119,0.11914103685215345,0.14330485554823474,0.10775478415906832,0.1104979001693718,0.14310053594600186,0.10077998018774333,0.10569317192021162,0.1501785425338158,0.1329292112653407,0.10876102751781588,0.1261814012531858,0.15346762660900082,0.1353580266747632,0.12907668430778402,0.17638251893743462
0.022415948975126346,-0.1373308693575739,-0.12185900331859956,0.004108679965686384,0.04852753845969343,2.2517786564032063,0.00971796854172256,0.011604820573797426,0.007302549967309648,0.009868445436377526,0.012302638482844668,0.012162159021427454,0.008736483143374772,0.007554385116567517,0.008757480945431766,0.00787143251067779,0.010813230650792533,0.010586815899112057,0.008824677497794359,0.007895575350525838,0.010806541172748988,0.008376415088338033,0.010965965244822191,-0.049345171074913874
0.05668080339291774,-0.5581900372949116,0.5316429473435003,0.03667374023234335,0.07934165833276405,5.101057601032513,0.03586509852499449,0.02551040467517155,0.027249014510961345,0.03327567684521241,0.022821083702777523,0.02890315958422602,0.031820124566188435,0.02353721173904062,0.026243863854702235,0.025012769428950928,0.036974426742092094,0.028000183836006103,0.029490757297497883,0.0353310852608468,0.035562174331406425,0.026052470410459494,0.02855028916267909,-0.051568632490494704
-0.018652625281281473,-2.251879108845502,0.6808072879681837,-0.006040372212956731,-0.04236897255020376,2.9879358383823185,-0.012965952309589416,-0.007775765997578735,-0.010148484191760046,-0.010844803395066117,-0.01262218343314898,-0.009779030169043185,-0.007519951397378745,-0.011557832492249212,-0.010456676523374163,-0.010093245883792767,-0.009586352776105419,-0.007132974408441348,-0.01003442909027434,-0.00721670751984453,-0.009248139889859378,-0.012103057677088858,-0.010669058864850024,0.03967035920640649
0.0318408241959922,-0.6048126236745192,-0.026132165183655465,0.016614812888912582,0.033859691227246635,4.10445312060464,0.020273895293360635,0.015367704893521763,0.015559337924608141,0.015422526533924983,0.022677343898842846,0.01527897084836079,0.023079725518493164,0.014111864424850967,0.022515348037141038,0.016127015803271076,0.02090196924605955,0.0207271344440747,0.017211867025166118,0.014562927546822877,0.024175234062752102,0.01894355546302617,0.018342247483214738,-0.05972077003505749
-0.007521986867584775,-0.9307341847782097,-0.2944313478921634,0.0008738726047407429,-0.0626401562584614,2.9803707119532796,-0.003123900647491399,-0.002349761310849547,-0.001789120468349159,-0.00194367232177572,-0.002455219656455598,-0.001975984414403869,-0.001949006136151702,-0.0018009620391756327,-0.002476417512624264,-0.00292241846768532,-0.0017072306209669206,-0.0025632485407662718,-0.002353593229267831,-0.0022725581308540876,-0.0018694581827331965,-0.003080139016854451,-0.0026800551875574147,0.008472390075464409
0.01005212647493415,-0.5564392970832845,0.4542443818702972,0.007694596714535272,0.00019836976572612077,4.06408484280876,0.0071130481951809195,0.0075753049611431336,0.009826968812013963,0.006945748510735636,0.007317560752861969,0.008796141539211072,0.007493308055298916,0.008103327810178645,0.009725198552216362,0.006596122006834507,0.008125668101860255,0.008490418029819967,0.009245848778543894,0.0072738586493796,0.005797186281325683,0.007637207090437949,0.00868988997402453,-0.006393155095945735
0.04663160475633496,-0.6967556785729894,1.356760480552448,0.03881891030518103,0.020181627930078352,2.991913128838141,0.03291968661124084,0.021998666886014737,0.032590281049666776,0.038086269532370695,0.022677939946056918,0.03944643122891108,0.02336682465898032,0.02393672368052826,0.035208056242077845,0.02905423499618328,0.03678625598849126,0.028466419277493226,0.03062227729907825,0.03541587289492449,0.02637804876292376,0.030478752609147362,0.023930929330023124,0.10698580555446013
0.05953919772535109,-1.0222194771889042,0.29643565210812906,0.04524135703782321,-0.04005622396626041,2.2117824866358267,0.03982547724663097,0.046956210796876625,0.05161412691864808,0.031466598459210585,0.035176930325417965,0.04545728902408375,0.041466509800464776,0.04248979412034374,0.04247096774104445,0.03956867330089035,0.05270315462200904,0.04014874409318141,0.034613636030421134,0.0484853151406224,0.03505407336516655,0.04996323540760893,0.032905588542803114,0.1093414918737956
-0.08041424206483772,-0.8275847600375332,-0.44768675536532093,-0.020722133413479144,-0.07316224885499487,1.5970077501620683,-0.05013259416883638,-0.05215176586185089,-0.034555502250333145,-0.04165403777741984,-0.03041546857693197,-0.028689928241537967,-0.04562577722455761,-0.044679996436435984,-0.03256857239540422,-0.03053487735044042,-0.05136579864827733,-0.03180747930680951,-0.04726524446824642,-0.05262018356251521,-0.048171384934222475,-0.04040093656244476,-0.04788875471474562,0.025646268632191216
0.0684425820538691,-0.8831935522726951,0.7145603886340557,0.04726655260930897,-0.0013568173640240658,3.028098687814253,0.04396480362552435,0.05210451172353162,0.030567466977679057,0.03633474628393412,0.04813418609545887,0.043859386242033595,0.04002243919006961,0.03752134426566903,0.048970749965305795,0.040703390623777855,0.04338012579888071,0.040763998091891476,0.03197967283819722,0.039073701727631034,0.043794981687272846,0.04528296111795602,0.03384883719189844,0.05262568418578972
-0.0036598303887887536,19.585044625789195,-0.021191998664098488,-0.0060801627136425115,0.033518653257584095,4.015058467950415,-0.0030464731673341457,-0.0023441079928440823,-0.0037473645049271105,-0.002466022193897884,-0.0038380712479568935,-0.002340476157054017,-0.002385978790677421,-0.0027401532473362135,-0.004249468233080231,-0.0033852286392054044,-0.0033215248222710782,-0.004176173170955418,-0.003830380330400632,-0.003602049372875138,-0.0038053989059167108,-0.002673842533715465,-0.004135695834871472,0.05226704490491163
0.0025645359118009066,-0.5457572624320248,-0.1778230334705322,0.003210371645585434,-0.018608221463085592,3.689616079238734,0.0019485324319243255,0.0018197774342604033,0.002909950868086003,0.0025230406771478944,0.001714804702851218,0.002905437322855548,0.0019200292563957167,0.0020917304864793694,0.0018565570666865972,0.0017342848926600713,0.002419583858284903,0.002168704122188254,0.0019783043217388697,0.0022490361928712093,0.002953673268639367,0.0027653832333817806,0.0018480730546645069,-0.002714152279018278
0.010153291538805868,0.3046492836270123,-0.09485942097634847,0.0010532999456390254,0.03546890939984367,2.1590218241649306,0.0030064040018838068,0.003606197976733771,0.003457235978024621,0.004185100229764812,0.0037503667237221107,0.0051926880135464365,0.005060168466105263,0.005136976921345703,0.004559940744562267,0.005165308284291272,0.003599203438735546,0.0038935124156581264,0.004501114778216788,0.005473202199304857,0.004964759293897535,0.004264616846908785,0.004446459808303819,0.0345586374525535
0.11173698930927473,-0.36035570873003325,-0.07684440074214521,0.019532904502694973,0.12129649196170593,2.9058218342345223,0.02517368752325844,0.0303545895766883,0.03266778969890728,0.04027852335844296,0.026645031075252738,0.035252451465067704,0.02264182380558435,0.02263672271801634,0.034552382696363154,0.02741836263088392,0.031969709006157344,0.027109494030944307,0.029492352547552766,0.03301615167529732,0.025681108535856086,0.03902138579538106,0.023580160362012006,0.028549287114121302
0.099558662576817,-0.49158028136953585,0.6363873594278568,0.05483364057985209,0.09409519413174965,2.2978159688773703,0.05545846765145739,0.07159665411944167,0.05136305239149722,0.06218284463079653,0.0634854721832131,0.0731680515740282,0.07078423322313389,0.04424142196100154,0.05877811557385079,0.05219713273437523,0.05763286614391723,0.07387141941556073,0.052871309313906885,0.07297329507763727,0.04369032559901215,0.07432484442029166,0.07020273615686241,-0.059589994761889864
0.03491256159431267,-0.1362697036002322,0.3146809291261993,0.014482451223505222,0.10267708100209198,3.257051779515054,0.02723216243282389,0.021871422185245817,0.028702622602780465,0.02234354738470171,0.020400919907242507,0.01905840276683993,0.017517645930476316,0.029408266883315964,0.022920371340918184,0.019459288891594213,0.024368694330586554,0.02224115080572191,0.022589149540572444,0.020643772513020995,0.028590677744133344,0.01707041652527679,0.02032413100110173,-0.053461742066157725
0.03666353747791081,-0.7290511504999524,0.8167505924181739,0.02846068692415652,0.013969048345070985,3.396669822477428,0.025733778650009437,0.02024416831976801,0.031175223577707994,0.031173467900556803,0.01811091562973115,0.02761267782311188,0.018894135066566918,0.02361127237797147,0.031356749031280697,0.02080894919584232,0.02241158099606549,0.02861969400196133,0.030339170112149285,0.023708119261215303,0.02175512932075194,0.024110371589011522,0.027637750611064264,-0.04235289511890583
0.028827584875342645,-0.8577265448812794,-0.22904020429018956,0.011656977533992209,-0.02053279836067318,1.8505242324956657,0.014083610286244748,0.022141975564090918,0.022785917492749608,0.022339813152783206,0.013684413453879942,0.021423609800764902,0.017604803530156993,0.013273955542430453,0.02055328768104912,0.014537270703674254,0.019343773533936716,0.013250290509677421,0.019920621483115273,0.02270173676386615,0.014724960366542843,0.02311875544421785,0.013998752217373305,0.045555051919605294
0.0065829101227287455,0.6615283021828455,-0.24572559263397964,0.0,0.03754528713039046,3.3244088430898273,0.0024584000304244927,0.00322545518493569,0.0021203148920954664,0.001976157360787734,0.0019795989142968977,0.0029868223077709126,0.00189787102580994,0.0027186285764813772,0.0030776161573841283,0.003428216811907385,0.002800749488723026,0.002120435427032646,0.003018393804725893,0.0021769284557586945,0.0027539517960739114,0.003208968817623536,0.0020495454934879647,-0.008762323462234045
0.019666772810021594,-0.49295591589968013,-0.08066461932241586,0.005124391987961942,0.013027315156426706,2.8826217142543036,0.006749949425589206,0.0072312154704493314,0.006304080036531522,0.011213973712074563,0.00750774477294703,0.006616685464411122,0.00945998789421862,0.008251424330828563,0.0102786008337542,0.006433537447243176,0.009538128376370924,0.01038088776097707,0.00990959066493703,0.0061293347049654725,0.010102650851086798,0.006593656787246243,0.010405554936830434,-0.04653847066287664
-0.011049718657365483,-1.0230677539685533,0.15152123143102436,0.00018688251627747883,-0.05971846866972626,3.137491157215761,-0.0027383934591901733,-0.0033135077140711887,-0.0044727648105705705,-0.004976317765286538,-0.004687517123402958,-0.0045872708381383895,-0.003040375875888013,-0.004263408956337767,-0.004996971647802736,-0.003071779632890379,-0.004931606320826356,-0.0035755269095133764,-0.00469305781467255,-0.0032147226982286023,-0.004322172958598732,-0.004915884607255358,-0.003505639852431855,0.0822296122439774
0.10016318314333773,-0.6273826828688296,0.574380372030968,0.03248978481987347,0.07747535623971293,3.9891751072687187,0.033910999961446364,0.028865267253370824,0.025711140276641762,0.0389697554140467,0.03040697119199793,0.0381819825887305,0.04152915733080822,0.03722134356987238,0.04587980425270161,0.03379450637950057,0.03510365909966661,0.03448910867174605,0.02839047422067023,0.038804973953271635,0.044472562476832185,0.046614125390543604,0.03623031512537982,-0.01854754695104799
0.10668700644847204,-0.7917383831102882,2.651768261818756,0.09311816677023389,0.030031766682778085,1.6811654867949466,0.07438057385494692,0.10150501692017605,0.08192202094830492,0.05684133087198865,0.08406786168589653,0.07945085126374668,0.08297828182827201,0.0803830176962867,0.09657312901979405,0.09926135887463448,0.07815166771138987,0.07979861592847573,0.05578152200147696,0.08889951878728182,0.07607650192301997,0.06918640392947252,0.06992320009948498,0.0053860615083685115
0.08393561684626823,-0.7620901840568437,1.5018647587406497,0.06766577968016194,0.035270240515983646,2.7328253600636456,0.04404733624759084,0.0492193790826933,0.05403625710066031,0.048000667847404026,0.05552215319647806,0.04758117474450593,0.06558155962664397,0.06418864426238491,0.06506516651724195,0.058755072624378686,0.0654557802748972,0.07120445937627803,0.0517627791095331,0.05117419180846223,0.07096097057295768,0.06879266481204001,0.039131043410388866,0.003514500812040078
0.046078899431919416,-0.8196318010101501,0.5114592115012062,0.034957262788432156,0.007808362411383303,3.714618858745402,0.023357524708355965,0.02766989765708162,0.02554891437829694,0.037299334470505534,0.03510724060897763,0.03927269003789882,0.029477802534916126,0.025299582028684677,0.02620553136376089,0.04019638066916337,0.035399365292894426,0.025602716806856662,0.03005531327750689,0.0373216233737447,0.02834213318857493,0.035354493704123593,0.02611129514154228,0.029138148572566136
0.11066501944492087,-0.6408840090531231,1.0234525809883366,0.07699768014902356,0.1178628142733392,3.2217245371975594,0.06312805162332337,0.07750503282080105,0.08812830035434949,0.06596067118119318,0.065148342713031,0.056802819857067526,0.054139204687674664,0.0549823923862842,0.0660193902442072,0.0528313656108159,0.08849753880924593,0.05387162618171311,0.07969348923071462,0.059686959367649985,0.08833706027443473,0.06615954440937856,0.05470460955283319,0.00757005930945609
-0.017271111791757568,-2.254339509122759,0.10054827886361029,0.003426325657748825,-0.19875206269963347,3.883744424980703,-0.008503246001917437,-0.010464980232331736,-0.009795196163708988,-0.0086308289046955,-0.009617164711959903,-0.0070544087821669595,-0.008545398377629266,-0.006289720142032046,-0.010195406808317892,-0.009208961145375269,-0.008528174331622241,-0.007976924920752648,-0.008368604198699277,-0.006818541369258363,-0.009792800333504081,-0.008462050345140358,-0.010381500466163651,-0.0017697224409110035
0.014963746173322915,-1.2788741646596964,0.17884982304678054,0.0162425899106413,-0.1299000475978848,2.741743220388297,0.00882634999498503,0.008843798823887118,0.010433986823706401,0.012585049242592378,0.012466813817328774,0.010725760666438246,0.01333471639469471,0.013328736388560908,0.011700218153856305,0.014289287338738405,0.011043786608679261,0.014861782755701046,0.010925398591831541,0.015280998502830784,0.014461721182746964,0.010563387903765912,0.014790169605308684,0.04901037229922145
-0.011624385856448635,-1.5790263009317234,0.24660128052616592,0.00745067730808556,-0.12510863534540723,4.336531522342721,-0.002818778569826924,-0.0019484138200054214,-0.002212651575891217,-0.0022236599383069957,-0.001899611451185948,-0.002464958628055256,-0.0023465418284442864,-0.0030997010249515836,-0.0022175838216543114,-0.0019137516484257948,-0.0026365344516484156,-0.0022223898068381306,-0.0025829450799712468,-0.0021645923967350857,-0.003002017122860245,-0.0030274135651330763,-0.0024119462145872363,0.05023785774142553
0.0675993443160906,-0.1385164006099674,0.7081501355298836,0.02398379942433846,0.17665475584371332,3.5492598511328266,0.04527868856946838,0.04493529773231969,0.03064259559731719,0.029665891927660615,0.032830201269924954,0.04256558129780343,0.04241870127871298,0.047765725151223,0.027804354889486717,0.027328625869659805,0.04110449273243865,0.028951437193686085,0.026659849634251553,0.02836824245753679,0.03343942976103691,0.0305335032944262,0.045940262728745115,0.10135014419643484
-0.06362531921616917,-0.1363595313618933,0.5783568517547645,-0.017391634739891155,-0.08653890539718022,2.3909093154591146,-0.033491272202628763,-0.028525539337004583,-0.02099980066925412,-0.029147512844664315,-0.02130865195893295,-0.03327545189006042,-0.027599047530314703,-0.02138164776226387,-0.024523647917292023,-0.035016852483570074,-0.022470605111997635,-0.031564836952280045,-0.03440115728796324,-0.028264992431387373,-0.03174718609286853,-0.022854105631718573,-0.03440678153854704,0.05296514332504687
0.02321290226797614,-0.3901767063175332,-0.2232334583278488,0.009101143917638043,0.047292546005388125,3.0839727228086065,0.010586621117810552,0.017373465549825096,0.010198193318439292,0.011594426426477946,0.012845016309476773,0.01184171184191814,0.014968641539575334,0.01716628949188881,0.011600699052490678,0.011801162695085332,0.012172968853841766,0.014392596913405628,0.011284179092586211,0.013401650934568616,0.014503958128081952,0.013536075077474114,0.014541355912213427,-0.004000920380638484
0.02443414111380237,-0.6404111107278029,-0.4738958803047344,0.008964085376021827,0.0058340970189547595,2.0518570111303256,0.013754795508821898,0.015582068498603387,0.013120638734108845,0.01624149490214214,0.014789671728689995,0.017286809765475922,0.013279093487374346,0.01699598234514525,0.012785525670456072,0.014927779380086492,0.01575797946869332,0.011297559387874629,0.012069216284435214,0.015436483737050736,0.01455259063920143,0.01430538658211233,0.01016636970881132,0.02229136271841914
0.17084919997790024,-0.9052488843106375,1.316476450454811,0.09385560940236914,0.013350035565151942,2.1060801814130623,0.10150702681834776,0.09127142346206749,0.10920861979967053,0.10807701286089057,0.06663291698376851,0.09954493923506874,0.10034808413872502,0.07050433996046078,0.06307955982284011,0.0667669310653024,0.10682204074804748,0.11041885421402314,0.11132857547094979,0.08838038192139105,0.08146951784963727,0.08593479301571073,0.06573115657978709,0.037481409603128624
0.049230724685929754,-0.47355828858504573,0.3215147023032494,0.024500418985480592,0.10410428311728642,4.579157397470071,0.023404417090916944,0.028451561789928668,0.03221194282237995,0.025040568541769767,0.031120202461829005,0.031697054205472495,0.023991061788556808,0.02325926836534508,0.026231455957798473,0.024655129654574254,0.03205447085327619,0.029461063221047978,0.03243992680342816,0.024676128477567758,0.03392839797657498,0.03176706727946196,0.020020940248254467,0.00810170671119681
0.023766329209117698,-0.8667515061162275,1.114146812028105,0.028545276023096946,-0.019632218580104856,4.252099312281063,0.019638850772832627,0.01975656541246305,0.016358049764323097,0.020971050474717007,0.013484050077169801,0.018098232783071294,0.019761826361160008,0.021154906998324216,0.02037080925455818,0.021672854195072883,0.014315246023506156,0.014564004159970305,0.015347664119688053,0.018091018896507053,0.012652452887250922,0.01986581741590529,0.017708728341226783,0.05073761082313233
0.04779164662706838,-0.7207043060961318,0.8499803186339085,0.041609065526232336,0.03207254365352566,4.2353979700867885,0.04008822154493642,0.032153712734840786,0.03697644758358797,0.03526766531844698,0.034061360346697524,0.028006307364294686,0.03638366553496462,0.03305505415997866,0.027804261230027248,0.027543128548628896,0.03245247056537509,0.024069209892535807,0.037259961024158884,0.04360511969716141,0.029052965859829506,0.04356156522485324,0.04244535504330723,-0.04382676794047691
-0.07134685643591306,-0.8418740118257249,-1.0786541033181722,-0.014375252341940191,-0.0602845626988514,1.1050030912736561,-0.04171187044363466,-0.03583007934332147,-0.0370636911000767,-0.035970248414497794,-0.033079476675997664,-0.040803762099526845,-0.03906617624809542,-0.046523638370427806,-0.04307300947621603,-0.05146994551575841,-0.050287633255330054,-0.04585097159815084,-0.03728414070601977,-0.03982583088959527,-0.04999071928947743,-0.04673516416320278,-0.040678409403088034,0.020401259012692075
0.01258270532925014,1.4691290248516786,-0.17371920453856718,-0.0007116913875204035,0.06464824602723482,3.357610772561165,0.0036343887580015523,0.0030797769304250367,0.0029202365991812065,0.003871105623786332,0.00301980381069155,0.004366796358716849,0.004984585572822118,0.0028587897376295157,0.0038378816307449706,0.004020522662517992,0.0037627897605405666,0.0027510529935834403,0.0030946986766203764,0.003889823277470486,0.004692711804298748,0.00282048987127745,0.004246285599095706,0.004893577921515568
0.1997978708252065,-0.6023501923108262,1.5242118843741603,0.128975722007676,0.185296740133061,2.5154991082215816,0.13980676194014363,0.08522886377802284,0.11931389171903473,0.08674244535968076,0.09632557781489824,0.08622247690439643,0.14517245013040186,0.10425719195040967,0.14386592240306412,0.08939436765003782,0.10297612979840212,0.11693567599476413,0.12263927550617323,0.11048654201264342,0.14136153267821053,0.13688588929077858,0.12543954081864395,0.0007306155684358995
-0.019037918585088083,-1.922232902658732,0.02899882598228043,-0.006414296531187903,-0.0375517306407003,2.9129214136623927,-0.012354439323956088,-0.010300958915206875,-0.010137083794801074,-0.0077318301547741105,-0.009279226970790009,-0.009277088063111871,-0.013729334427605844,-0.013532187614580976,-0.012360242869248052,-0.008091978545235887,-0.010422088409401477,-0.0135362640548723,-0.01335635653252869,-0.009478782890098146,-0.013631431903211574,-0.011789692438472063,-0.008861992645216362,0.0419262035463972
0.0021918996488239748,0.2218566944523459,0.11834229485358612,-0.0003459850540639811,0.009757807057468842,3.5490716286005393,0.00023750337273576095,0.00030051850758663434,0.0002025974028860038,0.00021373642863723352,0.00018393233881747414,0.0003032664223519982,0.00022943660090160985,0.00023792724366873227,0.00024295295327117893,0.0002167390980155151,0.00023276111356668386,0.00018529135688060417,0.00024059934933581896,0.0002647274578410183,0.0002382584587103702,0.00026770426165818065,0.0002588849399368894,-0.03641126161364894
0.03491097982714587,1.9232232336435404,0.567190754018092,0.0015091116605389695,0.15693192870522718,4.259742737744149,0.012648988866203085,0.014993579750678826,0.015164931021574603,0.008689103008025183,0.011532977471795325,0.011556134425446679,0.00950125589115366,0.013332072395726518,0.009548690170178672,0.01385534714590682,0.013087710811273487,0.009031193051211778,0.009785712895786657,0.012546785804455335,0.011205287499939737,0.014109721903265203,0.011160041263891607,0.02455707726443146
0.042690353644383235,-0.643864762634188,0.10777515644136093,0.018682420126455095,0.012335386179016774,3.6039256332119294,0.013175530975089902,0.014123242678514182,0.018769791947616302,0.019187684110929314,0.014574734238270435,0.014458159817589737,0.013434922086395705,0.016370206403344904,0.01781810088627246,0.019972753163870392,0.01566255227968758,0.013420996510522979,0.011913977203457405,0.011649058947682861,0.01733722868507637,0.018321871434390756,0.012627881835900138,-0.022139314925330944
0.032232845295222155,-0.6213440737679488,-0.04836316690277398,0.01472433784670921,0.016978090495036787,3.9408067139799776,0.01977013325879171,0.013856514791962569,0.01735723595224793,0.019109435225704373,0.018642138764580825,0.013526841720101433,0.02004587559977022,0.015424163885069467,0.015229118662277857,0.01882348297207523,0.01843874224822655,0.012751576469105574,0.016011272285140567,0.013802597299259553,0.018684962625257196,0.012279560226587605,0.013373887639974257,0.0143535060125759
0.033722164421893824,-1.0537802792212079,1.3184473714125369,0.02655421217651893,-0.03951882474362938,2.298034724122714,0.019745067201605015,0.017787602642951244,0.024334918195040318,0.02024757103774375,0.025086685491954325,0.019871846117880027,0.022854671686695745,0.02500289477468198,0.017893477750552493,0.020244792442747354,0.01852830590122722,0.017423996107223953,0.024744801548415508,0.015231284124270841,0.015828591763795655,0.022378543770418608,0.019132672136561953,0.0605847726754456
-7.211875688258621,-0.0015756966452332073,-6.17225093430589,-0.29906036163579947,-0.9408743385200146,0.44259287673156533,-0.8553550279674401,-0.5338960318450445,-0.8506953140189331,-0.5612232171898477,-0.8779217025550088,-0.6389364941550804,-0.6088466989235218,-0.9031992164505025,-0.9610945321733251,-0.945783505336527,-0.973974800419063,-0.7428318269654908,-0.9127519924454899,-0.6284060908666559,-0.5349564253347494,-0.8006818700573153,-0.6057830551584688,0.0857529624927793
0.029734232642225935,0.26352465056877633,-0.8121885651847072,0.0053271052810030155,0.07085507253819592,2.1256802335615816,0.017657097933012938,0.010820343650335195,0.010323216218089834,0.017586557641018824,0.018200329367955372,0.011813261285396039,0.017733110008137466,0.01766718682516785,0.011205615809672153,0.01798530910870093,0.01488331616852761,0.01601185352381273,0.014722822671969572,0.01684795235623391,0.01735679988268992,0.011732631681615154,0.01496122888630229,0.025205838712613726
0.36251894488955005,-0.7248740812174147,3.811239207897177,0.20917557392392672,0.11676266825896774,1.7848180012720412,0.18651493440133946,0.14908401821963424,0.1565823100890643,0.18043582084241802,0.22285068728898827,0.14561787625550476,0.19803340085309917,0.19509388719525766,0.21747653155253652,0.12935005615844158,0.16338459425183777,0.13179137257797424,0.21649181903250309,0.18295408838112284,0.19949485270206865,0.13786213329528108,0.18051441998940043,-0.058685514875226
0.023733827399620745,0.7614127616432025,0.43840582618733803,0.005210168388790652,0.08650916223186697,3.802216287635573,0.01414897040114062,0.013989394979497922,0.014119265961026615,0.012944343213459704,0.01294110546342886,0.010983606851243638,0.012262840937081734,0.015174301223295404,0.014474013492438638,0.01018936951034722,0.010228992785609963,0.010403883456551546,0.013698843533720695,0.010416287606630346,0.01208213271376369,0.010653786359920673,0.009964375874725978,0.008391514886028073
0.023001595109741927,-0.5808712878267092,0.48958361322876787,0.01631809162015811,0.01976054564293672,3.414778813911242,0.018170719970061356,0.014751146093712813,0.013326575456808733,0.016287268910600634,0.011263234323868066,0.01669422771948313,0.015769885644741917,0.013151369184633527,0.015449234242277034,0.01821586623022701,0.014300210773073486,0.015751030109572947,0.015760636333887745,0.019543750939297076,0.014633238646536135,0.0197367693543222,0.019094441861199688,-0.006951280573345819
-0.016106000589012678,-4.570299569529599,-0.3029091730165745,-0.005559278270089584,-0.04374764292853434,2.9757197712148034,-0.00727752366159348,-0.010286990764675832,-0.009868200480875496,-0.007063838141731702,-0.011355036208835987,-0.010903193264245012,-0.01215338917388357,-0.00841463786481465,-0.0070675709251955985,-0.011498443285479568,-0.008902132266598676,-0.010936293412425155,-0.008673708614565689,-0.009758796244741267,-0.009611310083219547,-0.009804057880142308,-0.008088920767319463,0.02362031974119838
0.03290044374693184,2.3027496546769535,0.22833831398082624,0.003313008158805119,0.10664990254018929,2.65419165099756,0.02002119661978069,0.0224696453226976,0.021153282439081576,0.01422890171547464,0.012430617306449,0.012925585990860652,0.012732773169593523,0.015381928864723553,0.01656412183427918,0.01671852847518235,0.017780414432254848,0.013262825346927767,0.022338305642472966,0.020140388541065625,0.02154829989312359,0.013215722002556283,0.013211724529753223,-0.029058101334642927
-0.023588192136998955,-1.6049260276941741,-0.5112834131173261,-0.00953057974127917,-0.01056409404860332,2.169884095305273,-0.012150245612915748,-0.01121235503420674,-0.01412552673472512,-0.01542951562073695,-0.012158811938485977,-0.01089665795677668,-0.014987769703371248,-0.01619326558213934,-0.017686946022767863,-0.015149882660587772,-0.016426535397030043,-0.01230234047041437,-0.015921289275432318,-0.015190029014669131,-0.014119081986215138,-0.013480670646393066,-0.014772084314020925,-0.021466191358475717
0.09572139861544714,-0.6669993078349028,1.1902057004136712,0.04693711527386686,0.036446471991843525,2.6694614172219726,0.040847223121096045,0.050290753786272305,0.04736645769085295,0.04695453584656178,0.04765054213152159,0.037804346436461814,0.04800465562467821,0.03584891967974666,0.048295805186552444,0.04447967177508454,0.03546992759652642,0.04175472094940968,0.03353594601238075,0.028322858196992005,0.04267645754492266,0.040568547588934224,0.03342568848968953,0.06979273566901245
0.1078989692121122,-0.9411664392537935,0.7691217672993655,0.07278417883253369,-0.012199083106337874,2.7447457206366184,0.054879197357232144,0.07573573013948322,0.04686839130037686,0.07236150447819448,0.04931147812245134,0.0718548039891626,0.056088432868048765,0.07416639207333847,0.047355628646424903,0.04719636728298968,0.05528196780707621,0.05026309907946824,0.05768606614418558,0.06522639439821391,0.054664601906508396,0.06748351668478178,0.04380345777963831,-0.01499412876737427
0.020906070824135,-0.999502537803277,0.3300333430549274,0.018791525824207508,-0.05889516689278448,4.145843224247718,0.009841719163426427,0.009496783153320958,0.015104263344709537,0.014526846706562199,0.012930514026042237,0.014969309777137587,0.01196163150752299,0.013274392930921142,0.014954858986898006,0.012136514934192686,0.010132879492127149,0.015805096937324067,0.009376430665793922,0.011498230946564679,0.012141670081233614,0.01064657350081382,0.011064236738337067,0.04877525187301912
0.07597990508804423,-0.5408985867480015,0.38165397989959576,0.03770262885902416,0.1176810999097586,4.16968429693036,0.041836835057221425,0.04849059364643335,0.029865542592662303,0.03221092149376423,0.03712802830856087,0.03762045515204898,0.038490542770740314,0.04325830032238665,0.03037968643337463,0.03526065430448793,0.040204690582124177,0.03502906401608306,0.04778461636638546,0.045912559963861774,0.05142880773703455,0.044165453180457906,0.03128909485859128,0.11297435020979818
0.0017962909392340194,2.6523534877727237,0.07808284067692073,-0.0031843969826513413,0.042479972533792223,3.8728756160446514,-0.0001556135271419722,-0.0001577025147529805,-0.00018526978509229985,-0.0001509549985039511,-0.00015272350440627216,-0.00016203816801256015,-0.00015199110139058877,-0.0001363744704810224,-0.00011167107862679566,-0.0001899125829999313,-0.00017425219988822038,-0.00017611294223778101,-0.0001567248895063897,-0.00011669273870610624,-0.00017723901397049234,-0.0001376146409924176,-0.00013560821302292567,-0.006080531949323009
-0.009108175682087133,-0.7918146409885781,0.40857978442376375,-0.0013987766288230713,-0.034331357042524664,3.1598680865198916,-0.005941217985580144,-0.004387808526844728,-0.004752155436671143,-0.0039564984263953116,-0.004003865816801948,-0.005779770652550961,-0.0034761976784609557,-0.004316083150977637,-0.005207400346666666,-0.004491086419837298,-0.0035121834205708866,-0.004357063796458461,-0.00500906145218889,-0.003659782262588872,-0.005932535752679753,-0.00551268951701641,-0.0036601433537034518,-0.007426546880020979
0.013225487782833695,-0.934221620620403,0.4367414133676295,0.01299876469145871,-0.0491841448375949,3.6150308576594496,0.012675117867417618,0.014004972250052592,0.014052111304410001,0.013940426154507466,0.011497039723947954,0.011926106530091322,0.010630000192077896,0.010354383188156444,0.009579586945049198,0.013293074949915756,0.009322680530086738,0.014299657207623216,0.012405833677763961,0.011786158973617683,0.008647298113769426,0.011265920217499404,0.010720104209718646,0.06250996432386668
0.06827641461395312,0.032700239345127786,-0.31180251966347994,0.012366894223583638,0.09526704927871084,2.596717405609921,0.01658159539131711,0.022411885880388754,0.022286662988566353,0.017159927187982142,0.018545981595137706,0.024770368360147916,0.02768014780489937,0.024269282893090865,0.026071445867336028,0.015503153540936959,0.02261002333750273,0.022539640645188257,0.02450908015585404,0.02491721093141399,0.021752850239272314,0.02180155896181704,0.021105734200358793,-0.043021388583498466
0.1137192646670864,-0.49196960152641345,0.9117081091847313,0.064943280634111,0.14617421444399561,3.5017622165460005,0.0777597277972128,0.059784176728623545,0.05832728819249384,0.05199958339668499,0.057593635159364054,0.05320765018290979,0.06582691013081199,0.05089610077670978,0.07152802313758949,0.05036267594052564,0.05111121906654922,0.06798706202613843,0.07314907494028652,0.06933043487024709,0.06273442156938965,0.07974068447791519,0.0554373312054079,-0.05894925438059473
0.0755338466161544,-0.8543573801423363,0.987049405868945,0.05008106184696045,0.00989986507195161,3.3485876447228753,0.05312897847263027,0.05158036724953846,0.046571798670847576,0.04033721515889276,0.05676462007390536,0.042905772915371315,0.0574404350453471,0.04377473139372942,0.03667292230826194,0.051232202310617085,0.03228124971268314,0.037732233914959584,0.0370675095810515,0.052416512988966234,0.0496582840311427,0.0573046496166438,0.05874052233887163,0.0006549170054246378
0.06680503408921983,-0.5995825300970314,0.889299240639078,0.032688833883925954,0.049012761062690396,2.719756845526991,0.025241952115018135,0.0412326124184178,0.03108457306102054,0.04057090246188354,0.024184030050546982,0.03784798110536475,0.03634893995398861,0.039132802337947234,0.026487399632596675,0.0351400233847401,0.032947453489443314,0.0344573808126926,0.03823551190847491,0.03875312314878293,0.03830177958140924,0.03561521492623761,0.04327806830734303,0.1781192701157961
-0.0023620471521237506,-1.1324863554894133,0.5735359128380046,0.007036844859325946,-0.04519120812649719,2.8031809016584797,0.0011958301627092785,0.0012950025121445503,0.0012246405792287625,0.0008798099301193453,0.0010276976247698237,0.0014929353884485428,0.0013039109417179336,0.0012640213582199133,0.0010995819477680052,0.001059593360964442,0.0012922741974328768,0.0009178257746770434,0.0011110163842976857,0.0015648837448435833,0.0009612262098461269,0.0012181506980179235,0.001184213469939416,-0.00650785683903754
0.02353751288892515,-1.1432862774763741,0.64050324507132,0.028756643839066096,-0.07452867645202278,3.7283821541213373,0.019017792860034695,0.01538620317149907,0.019421678692614217,0.019905405976351292,0.020802068942334155,0.013186580297365233,0.01905681030134619,0.019624578456919128,0.020549191926382944,0.013443415295305239,0.011588993861182867,0.01723367795667982,0.018026463717614783,0.013367595610373083,0.017565522865400904,0.018497616843706637,0.016447902264791057,-0.03614102309967848
-0.030542462861892893,-1.3252236258537615,-0.2206200399506725,-0.008618555188600163,-0.027625183005468054,1.9329113763636876,-0.012900480160351224,-0.017412558118489765,-0.01856813274687025,-0.011648446387310359,-0.012760248394466276,-0.016159003134717714,-0.015990417262968577,-0.014515183584534613,-0.015907997334518486,-0.013383777865354843,-0.0198793960321689,-0.015526508981204945,-0.017877926419947874,-0.013069667793214732,-0.012507322730898215,-0.013124868481470936,-0.013427278252786282,0.04257123047578237
0.3036368554251837,-0.6833477656391226,1.320350021746612,0.07120386375829016,0.06593408739314574,3.349840765942638,0.07668218396835562,0.06291087054933701,0.0778106673092157,0.04933690219478518,0.06018364820118537,0.07562923583319164,0.06121167878561349,0.07410311002929637,0.05623095409477743,0.07240390659498296,0.056252381786734695,0.06317583243180254,0.05063997872417575,0.07485381151346669,0.046865414583704364,0.07831175243048707,0.0636906805093399,0.018622410422691082
0.029611699714589833,-0.5774718733700389,0.06486242770737949,0.016840492234237527,0.024198033452765406,3.432953208762633,0.020256958970187897,0.021867726316628724,0.014610241482848991,0.012289097550108177,0.018376580307756244,0.012553661463106377,0.013874778999364163,0.014976767139635373,0.01573911649433069,0.021006860864717116,0.02226065009626995,0.017812969405330538,0.014994800250146175,0.017814879405873806,0.021866164789719977,0.022199804148916383,0.020436222952993317,0.029145250037979853
0.04116232967705381,-0.6528265779112052,0.0438749269090577,0.01467318741512179,0.03708041797027201,2.335842245282851,0.0288194910428402,0.023243517558906537,0.023963149300864895,0.025718553825992488,0.024717923046649715,0.025864001324839438,0.02049756875744665,0.025224659034608698,0.01950025077876063,0.01886303930388139,0.028890410740904517,0.026775811324520504,0.02704781795096722,0.02810247949670049,0.024274668112183453,0.01794094639957257,0.02483235745757927,-0.06492205879880653
-0.009276019906285496,-18.91805069040376,0.45066605318548225,-0.005303699665900594,0.009035100742839275,2.8208393916845154,-0.00617989186064028,-0.005079123389662501,-0.005098364535522527,-0.004533708320430809,-0.006471038362732189,-0.0055123939947532225,-0.00545329613227359,-0.006706021360736919,-0.004160728973696574,-0.0054849010671834736,-0.006986877970322175,-0.005031988661693342,-0.005373419092458451,-0.004383140932608766,-0.006170446782039215,-0.0073491579614454,-0.005921956072507403,-0.1023252062420994
-0.01484750264903276,-2.2322831707687616,-0.9603062540283092,-0.0033386689246238306,0.018756382649494426,0.7439243726790501,-0.012327896576301692,-0.008083531308594311,-0.011951136446169906,-0.011658047566293324,-0.014015226914114375,-0.013132835997469602,-0.012087909449775754,-0.014357156146557887,-0.01376027268545523,-0.008500579344891498,-0.013741497332774574,-0.010121937371213054,-0.013081642376705192,-0.013689286418591257,-0.010443788882119803,-0.014319915640789445,-0.012835587408135746,0.09964553028328482
0.15475027035458624,0.156520497593144,0.7354208280749311,0.03131454168925627,0.3073297398084535,3.6903099943244295,0.037804346292295725,0.061301887529584216,0.06036171225348349,0.03825878847107286,0.03688015017897275,0.051180855967039376,0.044721403606299774,0.06350741807174953,0.03596241761606947,0.03485278330625933,0.05469535162005384,0.03587852494521099,0.06040759487444861,0.06393622858469747,0.040238976380398556,0.05215754671001795,0.06078709975063729,0.02772005414747669
0.015221282453862452,0.016809726612215307,0.1516558792314071,0.0035751393005661403,0.05587357250599748,2.6061763968153366,0.010192651738558862,0.011032065413705341,0.011153001784099158,0.010075623851214195,0.009729522953531163,0.00948495500968156,0.009794333346885025,0.008347330831287681,0.010006907904481029,0.00836732783773938,0.007763974314368843,0.006541778784589918,0.008907969155520657,0.008303233488910652,0.006762149935857951,0.007142310854598727,0.008015838632184184,0.0450472607826804
0.004364161082061079,74.54842363508851,1.6528682580175524,-0.008154938722683781,0.037991846749395576,2.79105748934949,-0.00021573972757671822,-0.0002632203567820161,-0.0002113948873310656,-0.00028008890966139016,-0.0002915062563986702,-0.00020473453347677137,-0.00026672442872739205,-0.00024166353856353845,-0.0003452903842124597,-0.00024097202225782131,-0.0002695012909342295,-0.0002450185070672487,-0.0002115159270376179,-0.0002174403028083973,-0.00029536081391201617,-0.0001879858415956085,-0.00033837581742158644,-0.03342346459533785
-0.04302527782886228,-0.880663418458379,0.5924746023115635,-0.02926281654435691,-0.047237556079423024,3.088540379989909,-0.019452767468145827,-0.028036916219692214,-0.023237663462390187,-0.02856499508453816,-0.034123803220364624,-0.031260154086004445,-0.030868445257696938,-0.021198944970242918,-0.021435466440186905,-0.021385422632276625,-0.03273234734848797,-0.023201767530834524,-0.033976745995441,-0.02943493210276328,-0.023992239877311975,-0.029156766230609768,-0.02642293438903966,0.0051510050787964
0.04078306320554423,-0.943482556240087,0.9206158510365103,0.03153979344149163,-0.025681916495097747,3.2892832105119036,0.022401063352706637,0.028500212390539847,0.023776117492219834,0.029676504365763322,0.020516434420822273,0.02627569004212134,0.022043789345743414,0.02452401230906341,0.025559987661028943,0.024924599846048855,0.02275817184111404,0.016832474172173876,0.025668913812671612,0.023324711495626118,0.029374498576496048,0.029584382521978696,0.017696631483754298,0.10012444352688155
0.11008738903703713,-0.4058017187432243,0.1539166859645874,0.02418860283962435,0.16243478970323014,3.10767793981379,0.029188524440932354,0.04603998188519046,0.0348279409012545,0.047996870694430864,0.029274223748317535,0.04466898116705639,0.04291798180627226,0.04441288675712507,0.034451199291776737,0.043093425871667784,0.04420826749452841,0.03164153043422506,0.03710005544980021,0.031940614873090266,0.04959925992147644,0.04780142202142993,0.04359053303849792,-0.018118223131397215
0.06868730272170544,-0.3605386426105827,-0.09293496981528593,0.03229875313062297,0.1498013219490035,3.0392459463254036,0.03483452327851343,0.04480768862226108,0.03452941755176364,0.031894017318708764,0.054211223543175244,0.03721984128528617,0.03548673175720478,0.04488398251684906,0.03884660211820746,0.050378778065538095,0.05099909526316226,0.05264371864734131,0.05737001974581985,0.052585886853415816,0.03570815944177486,0.04418263550040095,0.04658395911007059,-0.030767557971957404
-0.068293920975068,-0.7225873328983623,-0.9288457321760979,-0.009041794694302448,-0.09067983110330444,0.7699714310004775,-0.04688960924708837,-0.02927933072358274,-0.030981183883155437,-0.029069082083376833,-0.0411944548459179,-0.036817108716403736,-0.03588390057760533,-0.030949525533388336,-0.03641602815104758,-0.03898701255336019,-0.029493376515433455,-0.029079979090150036,-0.03682445780732276,-0.04862281663178279,-0.03867656076469883,-0.03499693649682142,-0.03334679615173983,0.07452876657680063
0.05808650332522975,-0.3976086552249729,0.323451548625755,0.027225579701636075,0.08566572844923731,3.8003714777811695,0.025340119423659442,0.036471732273258096,0.027455124284541655,0.02985595603579056,0.027143082048318428,0.02723481983832841,0.022750271059786942,0.03697012264220552,0.02791340231868807,0.026853301634284597,0.034751565099133,0.025108434036539094,0.024170619221432123,0.03732709099475498,0.025035391107868805,0.024344046631146532,0.026598520704499418,-0.055612046746778554
0.08852745172434465,-0.7109055516208002,1.1079166944278578,0.05518467535973749,0.06203827415028927,3.0692687796288594,0.06051658505529621,0.04164410636098378,0.053274229237201806,0.0632209388013527,0.04067857422926683,0.041704926935102624,0.055113265190612604,0.05325776786215832,0.04793051006320197,0.04970355785024896,0.05262145232349302,0.04029541453772476,0.0484731334813169,0.05943591880922243,0.05671398632999131,0.044801693758133504,0.05978089924345612,-0.017947205533882293
-0.012552905365314228,13.422340989574414,0.27948682475572356,-0.005744760197397294,0.001767429569338981,2.9558379618816724,-0.006310936270518886,-0.00565070285879449,-0.0041305754881963445,-0.005890003360544585,-0.006441776023967821,-0.006032091702835597,-0.004561414623698814,-0.006174946600900507,-0.006270656619297112,-0.006121894266671195,-0.006607649760507745,-0.004665110778592852,-0.003798475778661047,-0.005385583475714842,-0.004206469156380197,-0.004312708857049256,-0.005760293493488236,0.09847796410161003
-0.0013991613148017217,-0.8255028966268108,0.3536718742844167,0.0036423610887525225,-0.038121505180070694,3.6517238825688247,0.0005863756640803375,0.0005609938880582163,0.0006807881609226697,0.0005521432291684111,0.0004941226292808498,0.0005793804399397684,0.00048273067313907254,0.0005096816214789078,0.0006872066544952257,0.00042293571966874234,0.00041895546782632915,0.000692017112487852,0.0007198975069790879,0.000640746863416305,0.00042559763483397564,0.0005691989497998469,0.0005083721716334239,-0.02581484718770377
0.07383629547774076,-0.9557079153133085,0.7355514137653185,0.06880206098900728,-0.029357643384465816,4.760421510642748,0.04472925653114684,0.049275882609099424,0.05393832211123482,0.031180011454592222,0.05083624980042164,0.03981020319998744,0.05161505368291567,0.03387419837451979,0.057374918379195755,0.04182297007317591,0.0343608913226065,0.04724746650493651,0.042599504354364444,0.044608538074080197,0.05680283100500618,0.033307774733227144,0.03894768363837848,-0.00338361409760235
-0.010435253266421123,14.568704385930134,0.16337667211909102,-0.003541820161908117,-0.002878287411475076,1.9265951737318592,-0.005334174831840156,-0.004265158044185253,-0.007642642711201279,-0.006761347998513987,-0.006396031906160693,-0.005683769116351977,-0.004178685473531245,-0.005406824949512763,-0.005562518883553697,-0.0062371669330422265,-0.006294121117149505,-0.005671020683543033,-0.00556522120070782,-0.005475529411333247,-0.006165239070922959,-0.0057389187174560685,-0.007391152519103151,-0.020649104331814994
-0.0016032805320978492,2.5837013737147365,0.21558974296200573,-0.0035229413383258312,0.022251161121914827,3.134743748670261,-0.002188896271447068,-0.0022142620191815277,-0.0020727126753904554,-0.002024727228869799,-0.001554867144256593,-0.0022608504330710886,-0.002076298106436729,-0.0013151739832900212,-0.0020103787156659125,-0.0018137821364060801,-0.0014899217601654557,-0.001623713010311644,-0.0016699396792919676,-0.002216552820384819,-0.0017531865423919355,-0.0022386159075922867,-0.0016693281884618816,-0.028481578698409837
0.03707445907326318,-0.9362876240814643,0.5077293391927418,0.037192565084777376,-0.03546911644562852,4.605450763360497,0.023907189587583623,0.023081925671472353,0.022939777730628146,0.03271456682997112,0.022275585433852337,0.023032238277775688,0.023107079037760575,0.033872449544350085,0.02641771274030617,0.02287048563342718,0.02318675698358595,0.02632357315422448,0.020155058724521092,0.023355431468746943,0.026523832056966238,0.023613829193423756,0.022127542083754354,-0.005917567960970871
-0.008661005773834825,-1.3957572459685028,0.49129703536829217,0.005429905849551655,-0.08707873681393336,4.370960784228118,-0.0019246330549798538,-0.002853846631523338,-0.002812984936290398,-0.0017077293602396767,-0.002498738333672953,-0.002037998396332388,-0.0025565680206627696,-0.002130847298689536,-0.002701743028247854,-0.0016825571001446067,-0.002641498701254705,-0.003049950859781194,-0.0017167078217002526,-0.002126483914502719,-0.0020036684065292895,-0.001995484153927269,-0.0021024417389394583,0.03603605859767112
0.1083900073237777,-0.4739881510237924,0.24923435040855146,0.0504114649533704,0.16618461297401949,3.8131286585105335,0.05206684171211259,0.04107054753927938,0.046981587071676364,0.047749679777564266,0.055586173886758676,0.058611239910183306,0.039999317290180435,0.05651070098505282,0.04718122157368693,0.05370507783650077,0.04304869402661107,0.050011153846672034,0.05326266901898088,0.05976072195804419,0.04986282748542987,0.03814285348668139,0.04978699365170781,0.09986039172863559
0.00767539437968793,-1.101827450691092,0.21914361906256508,0.011113099517339737,-0.07904133376722731,3.2941058069612055,0.005287555788643346,0.006803178368962636,0.006479617238660016,0.007489205886041234,0.007702074887854536,0.005448498787175161,0.007333721254834721,0.007216300151417555,0.007142075523292254,0.005740758319200085,0.005944550411657572,0.0051150780871082055,0.007185521716127937,0.005600204535351935,0.008725707747034165,0.006513312399029046,0.008042600507537362,-0.048485235753588984
0.05205978577282766,-0.8445919354511163,0.26163127626178007,0.021220912418074413,-0.0008647963784065483,2.235214600579592,0.03844457545272031,0.03991475196250436,0.027116968769054357,0.02797044651428219,0.026004696520283272,0.023824460848796077,0.038362790373852054,0.023830039090736006,0.029514510319834788,0.03931885017063336,0.032319844157376536,0.028419274537478896,0.03167754135747559,0.0411526078366381,0.03626242228693512,0.034581601099708176,0.034303306284826765,0.0698740891372458
0.047906183579053116,-0.02699582080854279,0.006460509032288897,0.011817999875345837,0.13458108480646364,2.753341938132947,0.023178210024336097,0.021742527984068245,0.02401534797333306,0.02308406525808953,0.018108948079453856,0.02205954518060887,0.024783102290499605,0.03160599481473268,0.027143435965067405,0.030806796362987648,0.019965569310105544,0.023510951487531812,0.018104377360708086,0.031438146232292095,0.02078809727585411,0.03189079634048774,0.029389490327486282,-0.005349893488566626
0.24920510445436322,-0.5017056163472694,1.238440104092164,0.13818823292714388,0.2728337985404291,3.399180142938151,0.1034556663263369,0.1305201505582805,0.1366602909414721,0.09583919402214976,0.09603115893773224,0.1195871027435164,0.13665305822530321,0.1294777150705387,0.09035674216690694,0.08984830053290627,0.0972143727940515,0.11790806970944985,0.10363050770541744,0.11437066587662509,0.13763768362971007,0.15214715401919737,0.15901981284435118,-0.04251806628457511
0.14591500668074073,-0.478142139659953,1.2719043287321523,0.0590583594373808,0.11210659546732595,3.353561230806459,0.06049853787190796,0.04541439462235803,0.05378367337501888,0.0608930623670485,0.04866701029315202,0.061898606587435546,0.05846811558146361,0.04394202882888547,0.06275305842069981,0.053931940946021203,0.06752065418361548,0.04016986693046061,0.04722378360225168,0.04973097174127441,0.05617961279538008,0.05699956791839414,0.04327640391833622,0.04277753700487019
0.19934408971454917,-0.6357953247660555,1.504113994887229,0.12644580397398308,0.1885804001123764,2.712257614007032,0.13141715916534719,0.14175594621983417,0.14432680699154674,0.11401520198018208,0.11309723903941958,0.13699192962006693,0.14299877711468548,0.12363508085436921,0.12335910135748414,0.1063608005398755,0.13688806633318637,0.15557696196606524,0.10444383368360366,0.14639069574044036,0.1045359350271455,0.106894704660252,0.14247154900316436,0.0841816289987567
0.03777992686414495,-0.8675639914951379,0.2797476130876331,0.03033532447335539,-0.016456029491936374,4.353473499694953,0.01940721579083422,0.02697978659545163,0.0182965140924698,0.01747243193551043,0.020359651668444823,0.01749361383896898,0.03023370251797371,0.026235329400155077,0.017878571784307358,0.019351540682254736,0.03121414621423893,0.01837790214091017,0.028345139304260077,0.028532982976100393,0.03119830186862637,0.02907063745201739,0.02110922064803771,0.0028151679566217336
-0.003123132599908222,2.256808500157123,-0.5014490503749947,-0.0032623101211120397,0.010165329494491173,2.6784537137582025,-0.0031479510673344336,-0.002429380789930756,-0.0027184961684863537,-0.001949159732314112,-0.002952867448327611,-0.0027383238306001438,-0.002327044964717094,-0.0033127481995823467,-0.0023635874029028334,-0.0032056730754214005,-0.0025401880520539576,-0.003552704985218361,-0.002933420560809683,-0.0023867801214498556,-0.0026032419984007424,-0.002281986987179093,-0.0021322728935278742,-0.04428002556618127
-0.023820021809853913,-2.6601942586881555,0.6638115631691655,-0.015172695359366084,0.04490654987240956,3.232575231220228,-0.008457148700768346,-0.01015259370650053,-0.011326710390027127,-0.007305972988462787,-0.011190535690811592,-0.007563109109357364,-0.007713521004943863,-0.009703352823725279,-0.007563886266946763,-0.010494069012530577,-0.007019046225994078,-0.007334087868018793,-0.009952968445901192,-0.010466195668474683,-0.008966781414798293,-0.007473952541126243,-0.007155469351232655,0.0815260553934487
0.16435024692770328,-0.4676854242737001,1.1592451599588438,0.06333272104460176,0.20457992742623024,3.0088043252419263,0.07479864410718003,0.08884160539164614,0.07957175553747001,0.07585952872265495,0.09387657162647414,0.09917692974441532,0.06449441205946567,0.07571393546489434,0.07263230576501026,0.05450581615227694,0.09904477087834265,0.0843194826528187,0.09081313937851358,0.057280912319294525,0.09825249280573281,0.07264061671761213,0.09954365396000259,0.018012346809993085
0.027376088200701972,-0.8418073057012063,0.3336331583609997,0.016052749080308872,-0.01801247142830163,2.732683368973595,0.024081493918942702,0.022602890401866884,0.018037077313197113,0.018235623132245596,0.013735712786147724,0.018566499672611803,0.013393592198659356,0.02043833369351004,0.02342289328450229,0.020988222612448655,0.0139696687749763,0.0184537661968301,0.019483928224943894,0.02250597845977546,0.01409274861316761,0.02160639362378819,0.013165665314087183,0.10820248262903531
0.035205588641925134,-0.37696828497580054,0.2622083247711173,0.011286808788202152,0.04823799227037882,5.038759520503161,0.0105816439421956,0.01539182522081475,0.010797210583685074,0.010874536498935583,0.01493838533574138,0.012749264133353387,0.01579433011119217,0.01472942155288919,0.0139756715531176,0.011323907412941507,0.01264074318314279,0.011982760579740414,0.015145471451659327,0.012560480619348773,0.010451229442015967,0.01007789230093687,0.012116238783119727,-0.030661080410639974
0.07818027773036146,-0.516114615475817,0.25913203104277915,0.03733301613806858,0.073179916157832,4.201686987079334,0.027855011129916774,0.024057209094178883,0.03714179172605855,0.038174144052523055,0.039934336872170635,0.024749705772585544,0.039763235904023614,0.02730403298130119,0.03933976306706012,0.03280513067527438,0.031239507027073177,0.03965211172394317,0.025039242388893292,0.023407410925345245,0.026195011299551988,0.03709438390475365,0.03923834636039249,-0.017711483961745933
-0.009039006044987617,-0.8558662926478859,-0.39327675685980834,-0.0013781463317452222,-0.038443339127624064,3.0350546688860054,-0.006024291422360275,-0.005096486618186519,-0.005870888251615043,-0.0038089340389664507,-0.005152172254580587,-0.005616979488737143,-0.004441021907020004,-0.004957277073534506,-0.004718505952081102,-0.005837628995927549,-0.006190367941400016,-0.0040938059000538915,-0.004753060426530383,-0.004931404598107235,-0.0040703690712855034,-0.0043787043909393995,-0.004618230679774439,-0.009271563136804217
0.011752784573042324,1.386735320543029,-0.04954983558800044,7.515110441708499e-05,0.09181028142237109,2.0475762583721373,0.005018880317368401,0.005314246358661217,0.0044736658277293615,0.005742491881484467,0.00419315501331371,0.007386188960175672,0.005963106666188956,0.006774988170148167,0.006244235559330807,0.004427387028945359,0.004557343159837465,0.006333409923990138,0.004347840872014399,0.005390895378138518,0.004232392851218367,0.006916944203959478,0.0071154967635465435,0.12378469753489862
0.011257455560113707,-0.4744590970563241,0.5649071198997518,0.007209274192831886,0.0012442200044032604,3.9934260124142584,0.007069154104352001,0.005531230774366234,0.005655019049563057,0.0068293921430847854,0.0059441523742528625,0.004654499921011996,0.005889475402782262,0.005406537699826781,0.00616666279629332,0.006576783999540582,0.007091683904802898,0.006231568791877167,0.006415122533243251,0.005751511628501904,0.005379295959353176,0.0074246197602113265,0.006481034519514972,0.029165626373864884
0.05434916301988285,-0.6723824082665599,0.24329006059003788,0.02904136220604266,0.049415135673191606,2.8751329446578144,0.02980587280651832,0.04441811625965509,0.025849951207533698,0.03265407243475759,0.039128238776398185,0.03661404341895669,0.02998937616529238,0.03819248662997519,0.025575998543980027,0.03609042836385764,0.04133292838581143,0.039286639766133793,0.03888305307526714,0.04184874139726441,0.031452852590646514,0.03818068668679745,0.02796688082203597,-0.012454078523983836
0.1891200431720006,-0.1767058405146486,1.3930278463853352,0.07064435461601874,0.3597240060237219,2.7428853418254904,0.11954206855056461,0.07238123643399763,0.07668546731446933,0.09759217617355884,0.09606776831789715,0.08719592150232552,0.11352397626481153,0.12124229594313313,0.12354399470115765,0.073093918365702,0.07116895862487163,0.08306870460357618,0.0879531377449674,0.11983268169135786,0.11044475487400299,0.10921560631005417,0.11002923976763733,-0.03480434439676383
0.33052535289871615,-0.6448132948946053,1.9783786112887376,0.15178968312890284,0.1804895728489869,2.845610505977807,0.1448776881221354,0.12907256986692436,0.10717278502735841,0.15855611539946948,0.16452768080287603,0.11978366116799588,0.11822265446128528,0.13327907890800714,0.14485103163961757,0.17115532972393713,0.1634501828780159,0.15220913277966486,0.11914996632224865,0.1470625769048678,0.11368195589429585,0.10494443331136175,0.13837326197456262,-0.03730446495365658
0.2639447805548765,-0.36226819650618686,2.2864116438869404,0.14837144046349848,0.2864542252098954,2.6425921181186807,0.11205850823921254,0.10295869148031883,0.11621979185359088,0.12341741193670122,0.1478446118683681,0.13311585452051694,0.14831504845826285,0.17905262621903245,0.14029957604339838,0.17666792205742185,0.17096963151876646,0.11778825396190726,0.16104932729912408,0.11558610078967742,0.12797266654644324,0.13312217196187717,0.15191753122654872,0.16348161168230346
0.1310960168695117,-0.39744071857448166,1.1830202060563066,0.06733216609009784,0.12018585974735313,1.950032705702285,0.0697562143720607,0.08332017921172866,0.10117894624111856,0.06577444628942458,0.08340924361264782,0.06574061144408236,0.0705156891962902,0.05775909526273304,0.06442228133037403,0.05659844789614316,0.059832588173173835,0.07969383255032518,0.0825682742229024,0.09529621605676207,0.05477520491384296,0.08806983321868665,0.055246421854161384,0.07405108513540393
0.08731924240989514,-0.6848216320120104,0.47784604647802753,0.04491620426750818,0.07731041354184673,3.599005072910687,0.05075805444418013,0.061769167672034456,0.0414144096161051,0.056017002132311866,0.06123219584142397,0.05102235251922204,0.04225243730252018,0.061750939245035434,0.0397810013696511,0.05882992135740701,0.04667325283222935,0.03945635918245867,0.05090647541326646,0.06068460371927913,0.059808684924694294,0.03465052206949885,0.061358300647377725,0.03627834736156754
-0.0018087757832129612,-0.7470005556003423,-0.014403749444167335,0.0037504154597501633,-0.03535427793240123,4.454416523262041,7.710012508196443e-05,6.932833727757192e-05,5.3278060303219456e-05,6.876478616902468e-05,6.886948371930324e-05,7.367708187304993e-05,5.123616775371989e-05,6.764209605678293e-05,6.0931018349340605e-05,6.241631670216306e-05,7.715737177812512e-05,5.2427326963522044e-05,5.415615443186989e-05,6.866914471386455e-05,4.605429977899756e-05,6.603888405968319e-05,4.7505322353094935e-05,-0.02308078879377151
0.03473300265701293,-1.025821063308022,0.4283935654580473,0.028463742391324678,-0.06035612186515734,3.532151879603414,0.02877533191601716,0.028416022253280857,0.023072080597454036,0.02165463163873367,0.023762430636360167,0.018267501738747107,0.019003141412973355,0.022768018729420882,0.01883253092738621,0.020501057405492514,0.01877408409077444,0.022665884173291885,0.023891696026381783,0.018530482119689135,0.02711999324991307,0.016374966838263987,0.027021844762781834,0.06362687344701823
0.03884112519189322,-1.0760096660537046,0.5322621726834574,0.03869540463548812,-0.06724049711944127,3.567435160627077,0.027271293000125468,0.02091294379312278,0.0212062648130301,0.02382365908288087,0.02251185345078113,0.028203071028113633,0.02522570628879764,0.031826599671919274,0.02394544640946382,0.018987974422274154,0.02527084523170359,0.032789762184512024,0.03437168273502651,0.01910521442985072,0.02202801500256114,0.03220929040864752,0.030630497434792188,0.0011276904414001532
0.15762602076045917,-0.5199822971816669,1.638536664595997,0.11777867890909566,0.20161346985684597,3.645226699048026,0.09486592570596654,0.09777034339208578,0.09495696039963605,0.10435557812544968,0.11960410532145763,0.08973197165405508,0.08871432726150634,0.12369615706350989,0.12195797287588092,0.07828148726330754,0.10672818224133435,0.11364461635961588,0.10674481750057732,0.10779815881089426,0.07453352480165264,0.0865542414897818,0.12028662690253727,0.12820570992069436
0.04063153215844535,-0.7895861343132882,0.7311734305025253,0.02428328526565396,0.0013352024625909664,3.1614505340799193,0.028096242289844107,0.022475444851943194,0.02035685520136304,0.017542243117295703,0.02343218022133737,0.018912605737287484,0.026914351993506995,0.02573176109544508,0.029504844123134772,0.02260381781525967,0.026156353475062306,0.017214261997922736,0.02763330891604938,0.023805932162923506,0.020459347327470585,0.030306471660171717,0.022021026815422607,0.028048789133317653
0.0020681721633877457,-1.0768346644302664,0.2422347967192362,0.0068882277385258995,-0.06017277411340391,2.6208126078400276,0.004412686269466162,0.002552277487092036,0.004536366655777102,0.0028675501340599077,0.004239246039258093,0.002632400403134802,0.003931660805022184,0.003952486686532307,0.00297834205523201,0.0030566079843389626,0.0044630138601752835,0.004378804778689507,0.0025765832219596363,0.004717486747872602,0.0032664324012427835,0.004677430641718939,0.0034260796870352597,0.04603990588980689
-8.971200937567497,0.023727994389972723,-5.125478600744828,-0.46327944975574914,-0.9443963533293099,0.604409580617131,-0.6578518005906949,-0.6401394888078729,-0.9435550745120665,-0.8937426369801721,-0.8409529029862419,-0.598107201689733,-0.7479540547725958,-0.809928500969587,-0.7667169013556816,-0.8898842130843584,-0.8735913434709038,-0.6609758123251529,-0.7587695292399823,-0.714930385877301,-0.7818409511866874,-0.5989999118327385,-0.6117900252075451,-0.003996648434420491
-0.006529209689683186,1.1904859442166418,-0.07682269796922812,-0.0022939583689086662,-0.0032718888873672445,3.1299965522318884,-0.003381863736032936,-0.004413929675951748,-0.0037032608390101347,-0.002912384369337476,-0.004502482577159311,-0.003259649483048464,-0.004312301169750514,-0.003980024520114354,-0.003018819283032771,-0.0030167918998748847,-0.0026559485990602233,-0.0034085820879234336,-0.003942851547154757,-0.0028827647707697374,-0.0026619488784887886,-0.003819451282470958,-0.0026230333752576573,0.04962844717158954
0.04062803874664783,0.3564500849580334,0.6142267864775741,0.01112342375309011,0.09970935538273745,3.776378062854298,0.02265130590345796,0.021831255369315,0.021591923756799396,0.014006116814228333,0.021729781003325444,0.013529437483838077,0.015125992181802215,0.017378042457062096,0.021807149924597546,0.016744378374356866,0.01932410450257689,0.014594325580844449,0.014247397022066028,0.021411590196700508,0.02200308725433911,0.021823712688305227,0.014562055981799608,-0.02745379316912422
0.12537483440316424,-0.4931635776938502,1.097326520629558,0.05102630083413129,0.12224250276967683,3.487542936105679,0.06677688799601746,0.0436362154162058,0.0646476205636526,0.060214569457319976,0.05411168238227181,0.037361997656612085,0.06432860579534441,0.06263873629706923,0.04696899883907596,0.04795421639908023,0.054651246020158716,0.055812119809018845,0.06639783534621636,0.05695478638581508,0.05326565858877861,0.0561679638155344,0.053600308268662446,-0.003057418383272781
0.3215546982551788,-0.24708132346347844,1.759650332614906,0.11767373227428284,0.3656589238453528,2.7313774754651527,0.0964480198341292,0.15855066279344923,0.1381482874291999,0.11094720998117096,0.1656145036553788,0.1154313548832289,0.11360660193534602,0.11908416231009854,0.1495371908877109,0.16711215661914341,0.14362260681875325,0.11279148298873848,0.12264106900025051,0.1492728200820849,0.15024439947680876,0.11501052198450423,0.14349789575627944,0.0744966967138998
0.03268209875497261,-0.6124742492614919,0.5426542855614791,0.011481707617976587,0.013294353915392798,2.711266314187727,0.010901374465804069,0.018575074051428716,0.01846332070139409,0.013839149336798761,0.01322472769846101,0.017345718169780477,0.016125883397159126,0.01727401815609305,0.010783821206437342,0.017796794955128654,0.012252001565626674,0.014025938083275393,0.012510631989694689,0.011567351175368524,0.014411512383469369,0.012321812549292611,0.01748548002332067,0.10431799826276711
0.11834887351359959,-0.3772508147288603,0.6038357136161943,0.053139921193291896,0.22868447803961903,3.7464121562062886,0.07493522338686127,0.06142851211116437,0.056442094241448845,0.0783663251124334,0.04748816272746621,0.05855213671850179,0.06756596941185433,0.051271787980087774,0.062303545628712764,0.045422708106664475,0.06713367605455992,0.0628327094717605,0.07592957117707375,0.05765006706305711,0.04845301662651025,0.06940980845458346,0.056527383298909,-0.018819766848202413
0.07457013173858855,-0.8844445610073675,0.7376415589715246,0.053914679749179795,-0.005500114410409004,4.269892868977277,0.02953957882216528,0.037854660651955904,0.027722757465599095,0.03221111514628032,0.03200833792385886,0.029971768072928735,0.04282419546929284,0.04212144148925394,0.044411244838274556,0.043785974309392364,0.032953969645624526,0.04555657266123958,0.04184431100069756,0.04621170318017248,0.028736596328279695,0.03985818030523103,0.04673593513231738,0.0009062760565867745
0.017824290786699577,-0.8636844392380939,0.22371748844330241,0.011565228928731835,-0.037911696450546276,3.994147005954601,0.007593471723868913,0.00864636087687763,0.011884783472844215,0.011797685113873474,0.008626355261824535,0.0069932147937426525,0.010016497328996753,0.007084172003308118,0.008693361960972038,0.00686933620489889,0.011017910515399422,0.01226867325088178,0.01232002265759281,0.007998088757347411,0.008341829874703739,0.007111182378201276,0.012089874020213514,-0.02375083160646696
0.039734180369395036,-0.89901399737963,0.280547509954312,0.02764658816135664,-0.024741998226281724,3.777641974168194,0.020642906655573185,0.02785639765996752,0.030102508520741342,0.020688500182534823,0.02270950235523445,0.01664904640781438,0.023612644465194906,0.02247346255423463,0.030165380175405876,0.026782622993637144,0.01989692441674665,0.022136648623703983,0.018678335906251262,0.022377627832199397,0.023509621079577724,0.02843507191084665,0.01756623251030165,-0.03633932278779817
-0.02850100630266073,-1.5311581636568115,1.070454759547721,-0.017895678244978005,-0.00596908600736116,2.628950499839613,-0.02019268704959303,-0.016414770481120913,-0.015678673106452698,-0.020236665113663285,-0.013575366991304372,-0.015555753652246276,-0.017557276019078537,-0.01895840483826056,-0.017909747342509306,-0.020345447038034543,-0.019511370241055696,-0.019255999417802767,-0.012225379061190048,-0.014433358087948623,-0.020126094521571273,-0.017091545941817065,-0.017198630159059845,-0.00293019407886963
0.1377859204963515,-0.45914215795114294,0.25974412534483365,0.10394114345549584,0.12918383833079106,2.080618454659764,0.12524816718153572,0.1277469914551463,0.09658286805735883,0.08446115376376932,0.09245426198496978,0.07070854908346376,0.08842933024551382,0.12564791403470119,0.1287166958175015,0.1213600244338607,0.10050557827134923,0.07157465318999133,0.0731600497993847,0.11515822406644363,0.10512035498536006,0.12528801991319213,0.09896174573244303,-0.11561219095072373
0.18598622216750618,-0.20509487825592024,1.022546227797717,0.0633869102365601,0.3631342956668465,3.370574371076176,0.0753261919394481,0.07778771030556576,0.10722055106246743,0.10070941839251676,0.09848474911007153,0.07486568492890895,0.08614666567036149,0.10134694621706328,0.10441229765339417,0.0891367740461598,0.10631158390517828,0.07908483446884182,0.05808385962602815,0.07891746381872136,0.07408084852925974,0.07091833518478888,0.09861007251973021,0.06446280778709701
0.11716548812989705,-0.17789114430311964,0.786375713461764,0.04652481497154615,0.2650763842389254,3.1869762786693285,0.04697556767205166,0.047894973068092275,0.052226144298464984,0.08273943964094094,0.08171060973095992,0.054570163590031855,0.06587630848032129,0.048966630265015396,0.04894835975820856,0.075947592084653,0.04924726995591792,0.07925105396242062,0.05117386281804291,0.04851656801433723,0.0580735548014207,0.04685938040243914,0.08216720704707522,0.11057198598676177
0.18173537619147778,-0.5867150662859396,0.8712367166208242,0.06910585865333754,0.16313237525204663,2.923474538052265,0.10008378666422228,0.057368047228670685,0.06056914274408986,0.06495454426437404,0.07950167429581532,0.07151086194079742,0.08077436036652394,0.0751758275015583,0.09169741640904983,0.08462202849286056,0.0836891111748583,0.09466179374216178,0.06807197310456563,0.06355504496343069,0.08532459928612252,0.0572793393316059,0.06345764102500369,-0.004373626136698894
0.12375437706793538,-0.8815887281535763,1.210094301989124,0.07560439712605735,0.011299253142691479,3.431440676222493,0.05662649181226442,0.04702724821290354,0.07262160870732681,0.06058910792021117,0.048687453991942485,0.06933296286175478,0.06640337385363022,0.05938158318014895,0.04578899289795322,0.07203457977584764,0.06854227613688653,0.0773836379944207,0.06582302481101472,0.07024259363853891,0.06422524780226067,0.05698227282899591,0.0688381762805715,-0.04271704282899946
0.06094791071489848,-0.6689479324794119,0.7885531237418157,0.026539317667766054,0.02760130358221099,2.640619166512073,0.021959320198225715,0.03677130555579838,0.029475799815113102,0.02363529953448713,0.0330215690725457,0.03148631739055211,0.023516848567074023,0.03417490569401154,0.03572492785341596,0.030347823867130214,0.033935131402053474,0.03450688975059458,0.027541721375752847,0.030773023952366512,0.030134096162825454,0.030029518693990183,0.025118283271260984,0.005627816794355089
0.03339478711316193,-0.6286773356714785,0.6776938432636848,0.011731643379432978,0.010109526576043571,2.719644235870751,0.012365575558011085,0.016769019426413498,0.0111815841783265,0.015564746665053933,0.01896037625094965,0.01343499572414269,0.014248314290056852,0.018592202974196458,0.011628047272394812,0.012613471199212242,0.010721701575383217,0.015547430840056458,0.012706762029202885,0.011552353533133775,0.017237143436751978,0.011664849272283805,0.016913710732795257,0.06134167643899602
0.002215852041339567,-0.6534918379377422,0.3884742064451085,0.0045969829791828384,-0.02444711133139998,4.246387312939797,0.00292509522759148,0.002650474049899868,0.0023959068957239917,0.0025514619431974825,0.001991329847003087,0.002510298466580288,0.001969844147924843,0.002181583434491207,0.0025312197106547654,0.003089465939433685,0.0022451217923533376,0.0017856179254139744,0.002949618431578836,0.0019305986336699435,0.0018597750700925404,0.0020292300883570777,0.00264763415217787,-0.024821921935894165
0.008510461116536088,-0.35675113094533434,-0.8291502092444714,0.0025752456556709814,0.004211079252032172,1.8047645267296846,0.005459837658514787,0.004452489106560019,0.005870640917457347,0.004222562941880589,0.005660622621711962,0.005288282008421657,0.0043293329202170674,0.004602625273099473,0.004874112933716747,0.004734598977896292,0.005672660423412006,0.0036772241870310666,0.00430229216562935,0.0042568934306317615,0.003269886574996359,0.004204656063281586,0.005442089481285694,-0.0057808885702108626
0.12513171161610342,-0.6940727386281356,2.5073974373656482,0.07509775728936702,0.044782363111107976,2.2365316999387232,0.056345154948075085,0.05792361913926999,0.048148146451517944,0.05344509698469172,0.05190323969422797,0.06348193726352223,0.05328917100279951,0.04997403729659232,0.04578128316491838,0.05382382481966898,0.07780975969874314,0.0647082460867826,0.07602371070836907,0.05860100028634714,0.0773527561059716,0.04637476959812744,0.07769914678217825,0.0526315456139157
-0.005339316650622788,-10.952310440600769,-0.007187402782973243,-0.008037390871532294,0.02759925033106832,3.2760198840155477,-0.0036856464739541996,-0.005705190235204901,-0.0032270072874254875,-0.004424786889526021,-0.003992264569158084,-0.004334416568849986,-0.0036252855130132432,-0.0037194323214257354,-0.004649952406412058,-0.004376342440543928,-0.004683207471190264,-0.004632203366056674,-0.004340507713988498,-0.005655476365955129,-0.0032341583562638296,-0.0033349471352192507,-0.005326932463410309,-0.012172839047711381
0.011767335894861418,-0.7350967165273616,0.15354879005133457,0.008129531402656515,-0.021112459859499822,3.5969368713469816,0.0070206799841975994,0.006306472195319188,0.008429831067378747,0.010108905194178707,0.010428402404112407,0.007765529184435182,0.006498127260002269,0.006143244412808095,0.008185644095166068,0.008735828451189032,0.0062171187887992765,0.006129170000277637,0.009255909119033096,0.007372687609278493,0.010082367608114326,0.007317161689562054,0.007285663468578494,0.020921986490938682
0.050884110286179327,-1.0389826067111347,0.9911525893753037,0.048823986727702884,-0.0525166643771763,3.1773771735583884,0.030329388804870447,0.03497926440385815,0.04215648277617094,0.04191527188145098,0.030881998208329115,0.030118968449802924,0.031706081564694955,0.02857762702414512,0.03422243258329822,0.03241044581694493,0.04219895985685503,0.03404041145577052,0.04449247137960552,0.03515187823976992,0.03150949799630716,0.03928368453629014,0.03625538300770154,0.004734674283580764
0.24881320541548985,-0.5912730671639675,1.2836213128381189,0.1408609782649618,0.24450109540692652,2.5362388186930263,0.14301617807210099,0.15812592306586315,0.16511597289827293,0.17468906057709774,0.1718386076063074,0.11200226866060937,0.10848420982193507,0.11233607229922586,0.14561458472547012,0.1273982977072098,0.09981991075362887,0.1647997511006967,0.11345636968665213,0.1295464975511356,0.12218597044394788,0.1734324693632256,0.16630032920868337,0.14785769379827607
0.10548973290394914,-0.9659864643639974,1.5726612058950074,0.08170254840825715,-0.01825580270486112,3.0211493628929977,0.041713580450484095,0.06345709715465482,0.04185428635778076,0.05634170780574232,0.043206214595678964,0.06954698705332167,0.07099878277842059,0.04136454017141606,0.05715892895674329,0.05024273111537963,0.060884392049956305,0.048740115011250036,0.05366130791571496,0.06948314608385298,0.06039618913026199,0.054491728743044636,0.04849806775247292,-0.049721523767806364
0.03586945824233334,-0.6808508775002083,0.3155229501337175,0.022269292645469535,0.03286127879794676,2.371587400598119,0.03185612297101244,0.033396752891658936,0.021708614121864287,0.026013164806010437,0.027201018418949032,0.029192422572567083,0.03527883452354633,0.03429843955415444,0.032742454218834066,0.029426510903025994,0.03178431923489158,0.024845766838030397,0.023882897719342613,0.026993389228066607,0.029969569724030903,0.030686489402067266,0.026888142478132086,0.06756057860013343
0.2488366128535546,-0.9428661553412262,5.068207289343696,0.22017491627299862,0.006240854927954912,1.5927693877969373,0.13544035749863914,0.12259784127556612,0.15640255049799548,0.10751909458871318,0.190706593816118,0.13819911142109587,0.11446978198808119,0.15199697467229617,0.18117159100653388,0.11208396385600367,0.17511404727067942,0.15427876492626824,0.13814384128909138,0.11496963483782918,0.14063116938095463,0.13567388227378932,0.12280675050181125,-0.007550555819124338
0.016479012834871073,-1.45123954052743,1.1899719940216518,0.04037502524939616,-0.1774777134085568,2.448704834088558,0.024303703983403674,0.018276889337583712,0.02611784710846196,0.025223489306892718,0.024318350000688046,0.014692634142030276,0.024487571303898732,0.0189019806630503,0.025247366022686245,0.02600906557638346,0.02379073222188719,0.015846598926004166,0.024445333599084827,0.020259256167485293,0.024186771152532465,0.018660029608519434,0.018860175737695623,0.07782769010981272
0.06120838614560594,-0.6392806818615836,0.607332180803426,0.029444687584877158,0.044999251163329555,4.544674097766309,0.02885037535653867,0.03227508147322323,0.03400715742404583,0.023086081581234548,0.03279674872172423,0.02674769025324097,0.026285544038353374,0.027476786353749616,0.021824594587504978,0.032910890691888336,0.031136320750540982,0.03494737008821517,0.026141062608350488,0.023659248780292238,0.020635714351456825,0.0251253815843216,0.03435872383425694,-0.02913645073908855
0.06950424580378925,-0.4165058420475364,-0.017593447607788804,0.022389877174439438,0.11894406790407933,4.086204051948601,0.03206815813046258,0.02250189861222556,0.02343000783664323,0.032942954373067025,0.03801294603124286,0.032251011578303644,0.03054494660296817,0.03170283807989693,0.03017122531265464,0.03639432320818954,0.03299590408095159,0.028965662672455175,0.026727698648612755,0.03611887300483863,0.03887665240585251,0.032274966187566444,0.026311287457499066,-0.0034553140111579506
0.14518556761302331,-0.45958779726738097,1.2220413881184666,0.05552047725614633,0.15554599634253974,2.9181920390588325,0.07538652310491259,0.06227011669164199,0.05470381640392922,0.07841842383052304,0.05170919538573657,0.06726518552067756,0.07354281669739678,0.07559139667184012,0.04648984458459405,0.06956200675000082,0.06667540334785478,0.04500866732331804,0.0561091427674347,0.05461826670337647,0.05412945641628318,0.05469355943884665,0.04917346771160191,0.08887180050532795
-0.11975860773840594,-1.0081125659914008,-0.8431547055447619,-0.020534777501752612,-0.03941215348535971,1.7112557593905697,-0.04039948040885147,-0.044208753836312085,-0.03645019485165486,-0.03485919321923547,-0.02882370401554002,-0.03070666817032834,-0.046909842094640344,-0.04619705529436839,-0.04821280904152064,-0.027940689125364612,-0.0290315254537542,-0.048688864988473364,-0.03094041920200835,-0.029554322473877997,-0.042857233638924755,-0.04612077225742789,-0.04153002434021617,0.010940049029709797
0.09579685402978512,-0.6698791695225073,0.4187654635515514,0.024724897822809146,0.08740252586143435,2.2528318877192643,0.0365597740841934,0.04324324301367884,0.043408656106189845,0.039973099583165826,0.05900268516739424,0.04729440418767327,0.05625332757562652,0.03534606892344971,0.04873562534940565,0.042443539763134516,0.05167001051519321,0.038796487345533474,0.05934054514929807,0.041475360805804086,0.0505962497120015,0.03753549295702554,0.051219636154466126,-0.017994132593832757
0.22357612454382733,-0.9194392099872302,3.553804892964252,0.18309744949058362,0.014068338537319276,1.6426174717689601,0.12263155227838932,0.1185579607703736,0.11178563342115838,0.10375034819494415,0.1013180775350368,0.1482774627768474,0.1692082715342968,0.11875471203509538,0.131273135581621,0.10484915705255102,0.1044548956545891,0.10497106331673263,0.1087992176842656,0.1469729800057998,0.13702986789341698,0.15933690043309376,0.1376471298821376,-0.039891563010469366
-0.010975810869282236,-0.2954659113878865,-0.16048041184642628,-0.0022042202142862756,-0.04323876520361614,3.037029432047415,-0.005829955132734339,-0.005572517793500392,-0.004317577522852732,-0.005148559139575256,-0.0055399022785879715,-0.004233331168741113,-0.0059375763786541766,-0.004866511909498502,-0.004765953342309933,-0.004712999012963386,-0.0058323145072846075,-0.006572929860691005,-0.00478051794596444,-0.0051662853927935464,-0.005053392469414321,-0.003993703623656026,-0.007176610785325594,-0.006353838559949754
0.025030965600740092,-0.6867990178529843,-0.1247125502093982,0.008336662860207312,0.000909918050984025,2.565868617679634,0.015007234998822266,0.009849254168513344,0.017400630979715566,0.011145810870642885,0.014032689579673529,0.011634592111475156,0.013542784590206781,0.010394390190059825,0.014047151078038696,0.01565498243840015,0.01048587083682872,0.011258971860168217,0.017223161689771997,0.013748337773921575,0.012054164671592892,0.016566947560384265,0.012712763393830219,-0.03419834508112918
0.03236025327904064,-0.6043280522017436,-0.3387210289572775,0.01330012866725082,0.01888860233311285,2.6382620611620333,0.02147326302428342,0.018349471557029987,0.018545118554585693,0.013292768195872912,0.014587343640045759,0.011751435065037891,0.012832829908244208,0.014641515181237838,0.015919147826040356,0.01282405706181375,0.019774937107933696,0.020287104994349513,0.01940862178155541,0.020411421259274642,0.012420315125490378,0.01638427502542473,0.014884373121575431,0.017482957012280087
0.0536396938362017,-0.12985803885329758,0.1807229562551571,0.017603549324320223,0.10515930981037115,3.355793763735004,0.019050202847516958,0.028076628484084695,0.02473267520095621,0.018983768915965673,0.021179183926296995,0.01953426279558971,0.024472046840662988,0.017472261698275374,0.02274680162278647,0.02723730523216856,0.022491970997464594,0.029580683409540967,0.026326751234360235,0.017249632530631474,0.023417898523914633,0.020134484641521455,0.021235921745515925,-0.01109469310663358
-0.016520733029230322,-1.0388046774679107,0.10938472907641383,-0.003749484704985472,-0.06864838261190673,4.298027165839389,-0.010078679583677693,-0.006694148696128714,-0.007079659259983102,-0.007366113345763446,-0.007283893953299616,-0.009956290202612869,-0.005837929832130847,-0.008804698424885935,-0.005748896123572416,-0.010079306091861017,-0.007506631934860671,-0.005899090979957181,-0.0078034445852424575,-0.005702753137691547,-0.009323026155933573,-0.006722933141203895,-0.007901764333867703,-0.04441912168680606
0.03319487244501835,-0.39937071518480544,0.3756705575667829,0.014323997926666911,0.0397219341429951,3.2697397280890237,0.014383185646034798,0.02026374862298643,0.013070832477021312,0.014014998569283297,0.018884705812348735,0.016871770073276195,0.0184337095422666,0.014908032592371395,0.011977156270691394,0.012596006563015074,0.012097921208311524,0.019361789229239028,0.01946321267621107,0.014488765135875213,0.019430659907566605,0.01368283113157274,0.011876456608613143,0.022413779949319812
0.031373445735741856,-0.1675198385547775,-0.8368804167472454,0.003136054482545818,0.03189839030411349,0.993096946323524,0.011932147449718497,0.009843445685326918,0.010009815961835943,0.013716910712549171,0.010342226109036935,0.012358905097365886,0.009299468350702986,0.012351146686461426,0.014354657698651897,0.014429127125788066,0.0123179125058363,0.008793912247530204,0.011667284382467991,0.008465562234894431,0.012532038348362196,0.012861660540921346,0.013488550108457448,0.04006648448992456
0.023536323551467928,0.2829014966398518,0.33333434964769587,0.0041383678241399486,0.04626938466245456,2.506792422759824,0.011363235227495308,0.011903092303673755,0.0116655063089753,0.006993075271074359,0.007909383319921158,0.009986882030044945,0.006556130206550171,0.006461899354817247,0.010927549701906864,0.007813837376127456,0.011600858597215952,0.008195776900526844,0.008219925451158686,0.0067343173652147465,0.007127450693450453,0.00958740118422865,0.007508650700692304,0.09438459304949709
0.10256802882367919,-0.21507801010431052,0.7614060434459846,0.025228567772185476,0.1354701293658069,2.8975692609625456,0.035347567326009154,0.04636352171147568,0.04815182158580146,0.04666802960161341,0.045900793143075276,0.03964669631666372,0.029014586549440065,0.031884950385066814,0.04268269427610319,0.033692568328864796,0.04180464034973407,0.028525255845031253,0.04002254968136859,0.04036882893289787,0.033791382371164164,0.045270276018337274,0.02997314387552134,0.10484106364699675
0.050640874436453855,-0.6042148652996805,0.32994927086060133,0.02527113977640129,0.059100065724754985,4.860245221179708,0.025558641714105615,0.022073651250992657,0.032337894989471754,0.021546927199322163,0.028136568378408694,0.0317593968996967,0.03230071531530797,0.027250923584574697,0.030839690453356553,0.027281792704527328,0.02229301323254115,0.02154535731589805,0.030218592034428306,0.021145013667360376,0.025696095201449155,0.022614353053059772,0.03159179652447695,-0.0101485576811996
0.08063610549665229,-0.5544489756485133,0.22292503982314363,0.03287802509494115,0.07743650861361707,2.6372648968362773,0.03734249161604652,0.038885843107988816,0.035894552181267955,0.03503996645561477,0.036518325643027344,0.04575443792490685,0.035965557416351566,0.0538346575258985,0.03916957379369644,0.051604318094877207,0.037285640254672174,0.05344628564386098,0.046927144123197824,0.03472649663543672,0.047909669960795175,0.0500822788658294,0.044937975816088126,-0.0029291908754577323
0.05000326299326297,-0.5046948586525083,-0.20247559680914518,0.01585377844220652,0.06749254448630719,2.071554607844749,0.032092878691666694,0.02869693429335592,0.0262971701265525,0.028691974312187618,0.03079951448245571,0.030280757230725673,0.03684937629937809,0.03697339829286884,0.03754802012911073,0.026923883190697693,0.03640870807842885,0.03565594994457586,0.03435407598958164,0.03425857516155717,0.03774973702527855,0.03533870792567525,0.03423770334370129,-0.008993401055186534
-0.027185615569871677,-4.124979022203073,-0.09540194003210124,-0.003387020798728761,-0.126715441270208,3.4068726246478023,-0.015697868964814187,-0.009400544581445996,-0.014115987374844928,-0.013915246407035613,-0.01353962293483051,-0.009277575886102778,-0.014907190671219133,-0.016078172839490576,-0.01221317992834849,-0.016248925963585847,-0.011458421992561528,-0.012576924131048235,-0.012419682242584003,-0.010225659031032718,-0.015142730570800586,-0.015944765370219112,-0.016150946346157713,-0.054050100084754416
0.02731605398997556,-0.6817154417040014,-0.35538794011488295,0.007259495026707928,0.0010344323146585612,1.6054686801578086,0.01214467432216953,0.011931329979878842,0.009449401891732863,0.01175745830040146,0.01082288670338632,0.013654413451396546,0.009711496322654965,0.011767353790014123,0.013131646471085664,0.017243454161037192,0.017099618455202154,0.017083811989177525,0.012055976434191927,0.01589455374992824,0.01505674265337571,0.01653717975628686,0.01260235124258401,0.0024881825171787497
0.2140207377251095,-0.6695971831860588,1.1030077755592984,0.11498596205455587,0.1462289936081938,3.143821849519216,0.10567991607222918,0.12982267239219952,0.11302712619742632,0.12482431755991139,0.073656396811243,0.10524533730950388,0.11878264057475428,0.10364760678802684,0.09857346847688857,0.12076654592822898,0.11436379254834962,0.1283054657612774,0.11534789901223305,0.12132138681283024,0.07343152272829956,0.1284832287801704,0.11701741393489333,-0.023511952892559695
0.022753655115398643,-0.3735331031002625,-0.049058777436549184,0.006344962168241352,0.04137515663370857,2.5808409142747712,0.011786884058503805,0.010594692489518769,0.01291121715878918,0.01020229811113905,0.01528569976469741,0.014801417416909818,0.009912297180820078,0.01439673840404603,0.009684224846566333,0.009061501687603715,0.014127148146873346,0.011754709288655385,0.013613269439557022,0.013617096375888585,0.009318212119221347,0.011097984733136616,0.013302708343778063,0.0511350713227523
0.020294427850674375,-1.2038863865899025,1.0844195648997177,0.03739728951220696,-0.08558080774658093,3.1292838809640497,0.024272418617175447,0.02110258540144156,0.02279361009777617,0.020115990479387412,0.021227624130157222,0.02014729483553396,0.0229271517884151,0.01526506339404878,0.017745807611173888,0.0245799465714656,0.026920675779241936,0.02033277489049968,0.018095254669348942,0.01531680830494587,0.018971520730319765,0.0259975121215763,0.01915876587062019,0.0019186739671166464
0.006597091615599798,0.8092450268695872,0.09259206044372276,0.0,0.03981323345085664,2.846294588901503,0.004186109456567493,0.0023460198538803067,0.0034238736560216927,0.0031870382220267985,0.003510061039584328,0.004091343764925193,0.0035145356669912834,0.0033824424303165916,0.0035974770167658873,0.0026827989387263095,0.0031384088762247677,0.002473186127309801,0.003673499628855036,0.004144186680992011,0.0036828080671608625,0.003994592099311007,0.0029491312572562213,-0.02064215006144643
0.052234649146995896,0.13107201378958974,1.5734487580746126,0.02138881064676533,0.07928326638486906,2.478397028767953,0.03242485984758474,0.026740894868631772,0.037492876616343124,0.031644950001436925,0.023248248350070878,0.034563396222600934,0.029113445396546055,0.02958744027510804,0.027113565879250155,0.037055679997399026,0.030312506664039097,0.026093516906873084,0.020858614141966297,0.023781629572053282,0.02816709372960074,0.022030941865409742,0.03371895099748033,0.05589498273771443
0.047933794373162024,0.9841559980360832,2.0712570435583615,0.011271145289288258,0.07780204286554432,1.918231773639601,0.03156803886157378,0.02498683207913728,0.02503259441725922,0.02466828841341989,0.022854797996476394,0.020616712556484777,0.026766761578797465,0.02685975249189354,0.0299236344997542,0.029905653291736785,0.022081569411388467,0.021721287198021234,0.03038239957699332,0.019479326485935818,0.023505221586807047,0.027799602829520122,0.02438979705730064,0.026394415876127786
0.06734171543213308,-0.5061299361444934,0.6672571886221894,0.029999125935315413,0.10414225618273355,3.913562780981688,0.026168588070064853,0.025883366212397767,0.044992264397698344,0.041495806606633656,0.03746482252218227,0.024573413553925946,0.029107719485179363,0.04242553711756544,0.03206177346094816,0.04362885685188589,0.03678546382799556,0.026895341607804928,0.029272121481279365,0.02576267908487851,0.037065126854266196,0.033372016337881595,0.03098835722482714,-0.008189861154319744
0.32541224430343807,-0.04243910201238735,0.7303521182663975,0.0630836361933489,0.38239253857787925,3.1141804933586656,0.09739413877470478,0.087511604829322,0.09046388776975632,0.0840390166919342,0.08726910465172952,0.08904103886749735,0.09754940008805296,0.09406653131345652,0.11800025459928119,0.07294539780190312,0.09785222366590274,0.1135608694671389,0.08404916610895335,0.11955634027537804,0.07358544715646158,0.07072400681365192,0.11841656241427317,0.0567200986436498
0.017120484770455163,-0.9036008038632167,0.6803606597303791,0.011744880374702333,-0.036772725669539395,3.6876371122168665,0.0067573822877321854,0.009755702446348455,0.007143198908722831,0.006286145582343634,0.00973187732543049,0.00715142635591145,0.008057641844620293,0.009215749577353632,0.008532365134959613,0.009590994578649866,0.010190884569156679,0.00763711639496175,0.006331224053780995,0.00834670647753228,0.007671655485376873,0.00623199733901386,0.009736263622499235,0.025831083250405174
0.028658022695877885,-0.7406008482525136,0.754900941514276,0.020330285713241882,0.0002998184642276772,3.125254157484445,0.012538315676290011,0.014659646293930299,0.018910034416598307,0.016698237128799084,0.013852095001852527,0.02119908363266449,0.019473879847698005,0.01459424459514499,0.012974608395991176,0.018025225218049012,0.02131721666490614,0.01983763614352007,0.015392505903709467,0.01250042221954815,0.020644747988384234,0.01656519979480768,0.020870190675357926,0.018234856700195312
0.003707646256423344,-0.8615165568630618,0.5101452462626294,0.004556555682968475,-0.03346491189353015,2.4617004555021254,0.0033308282746308633,0.003649023892920135,0.003602788142882824,0.0022685711097776614,0.0038042484195678966,0.003233052449133061,0.0025569718636786875,0.0024277033226918626,0.0023417880336513777,0.002832114272335827,0.003753650218552298,0.002334622805541512,0.0027241762617105855,0.003849555481812307,0.0025578391151231243,0.0034980108095324217,0.0034296292173102262,-0.020272695133560226
0.15459012337896533,-0.43957532027511725,3.1267983367633945,0.12492007466979851,0.12522879461740924,1.4368680241619467,0.09654028839359576,0.10063585123383502,0.09439761101115386,0.1300455082897469,0.12964646773125527,0.13473842778524253,0.0947144843299011,0.1480372793125992,0.10217113088367413,0.13079925006517698,0.12834142084593522,0.10902930141550757,0.15425958065183526,0.09583769456239079,0.15278153929157212,0.09261751261791637,0.14535277281073194,-0.13082860451987266
0.07442877237820489,-0.9608724688159718,0.6609648227162153,0.049733520851779386,-0.026667307717595835,3.3998611342525398,0.0285871164466493,0.02953374180067561,0.03508418876926642,0.04908785586714519,0.03383264022851873,0.03910032763781336,0.04474561218048405,0.0329528208798642,0.026806214106800147,0.0326743729034469,0.03374407262494719,0.036268033362087185,0.04225654039769038,0.04753396574048919,0.0478922345984819,0.03243434561866441,0.03177915852200236,-0.020927586428772793
0.04689478509475986,-0.3617154571692337,0.17786044176429927,0.017835345565602612,0.1036465686679227,3.4320837026071946,0.02527093523547703,0.021946834697081218,0.03161517357680854,0.018895904856215597,0.02187216109767601,0.021957196349500586,0.025114672718234532,0.025179907415865843,0.023236369571978152,0.03198492805570902,0.02489175645209043,0.026788660802870463,0.026825860517825754,0.021808772508352225,0.02743377393691873,0.03400212484976727,0.03379272031308514,0.03479938262735449
0.07213867843047735,-0.5488885613283988,0.2546829695272601,0.03838541582958126,0.08841926926721133,4.173457115601902,0.035337178796678435,0.04302875323612825,0.03306197572975695,0.04582704564307245,0.030363838072512372,0.04645685890556113,0.04130105621199325,0.028916598936209806,0.033776746532805574,0.037241933591181,0.041868115344032196,0.02841509035563847,0.02725764229399425,0.03941666143156018,0.031888223783826615,0.03712753448617158,0.03559144439557738,-0.002769447544059167
0.1514676863763338,-0.7992227580519847,1.082453103106058,0.059322299519345374,0.03136647482015589,2.9047485709273,0.04471776339244623,0.06286541416005718,0.06033351866201277,0.05334879779874634,0.06773649506957337,0.05566087136063136,0.040819273652615014,0.06394200438518617,0.06973988360893361,0.0649350939367973,0.05791475592313173,0.05126522487505936,0.0601146890107668,0.04878076740349722,0.05034369982999937,0.06765906464232309,0.046467912770213504,0.03967559091232142
0.01108791189579804,2.2082743042740987,-0.03670591672823297,-0.002175297407038593,0.080040872924743,4.9411976510873155,0.00394258325317022,0.004915496933358301,0.003705652944217574,0.0037653737900207322,0.004057581790857793,0.004659617771875588,0.004610031620714149,0.0028592429017359486,0.0036915089501098975,0.0027873610422273648,0.004534788941505272,0.004342498008559768,0.0036146871689460183,0.0040545474002629655,0.004281228018978295,0.002731551331506245,0.004984758729384485,0.05898560374125794
0.3120371527936278,0.06492094849178834,1.4711604579422677,0.11157514316684247,0.4620818152109782,2.0394808012335996,0.16991939924367647,0.14286891388056938,0.15517919781818929,0.1998933887996485,0.17655107226470415,0.11689166448383496,0.14890515967033296,0.12367632419051218,0.12314315679562123,0.19053572444604708,0.1316034967699642,0.17527732097294385,0.1980854229203411,0.19078164062310107,0.13570941948619825,0.19021013038849918,0.17259731678529167,0.19220680584390593
0.08354924992235858,-0.20317310656236967,1.403282593664414,0.02131244338590035,0.0699941060972163,3.015449453556767,0.023157330950655086,0.022687451729642396,0.03280301184207917,0.025780280440188885,0.028859315544796385,0.03285594424412503,0.031642827817306866,0.027556353211621913,0.0249410124642642,0.029200527612181337,0.023206885566558564,0.025118147668501546,0.021934111050082444,0.02287412015816625,0.02809433999486632,0.03269567794109737,0.03198013530649632,-0.00470377649467002
0.04386872531659023,0.7621235160950461,1.320112987626052,0.005706663210015673,0.05926593708109646,2.8777214440951364,0.012231902670276216,0.013678195958725126,0.01501534910592695,0.01668889028493759,0.014248970724773467,0.014311071416172445,0.014172022744904686,0.01621855877139564,0.013663106215573276,0.011697680761399506,0.01304127477690819,0.014151366417311032,0.013547145566767232,0.016790125764503137,0.01134172621919025,0.010501685667100063,0.01055391912466434,-0.015014925912260946
-0.013147696639345533,-2.9891617278518408,-0.7843579259935574,-0.009057810027410556,0.01778207948794902,2.310951205398598,-0.00872423655211837,-0.00669146103924184,-0.011051416414578989,-0.007198082319076564,-0.008357418358228367,-0.006358664275520077,-0.008207088102598677,-0.009951358771117627,-0.010223443411027145,-0.007302553020988005,-0.011040246976483996,-0.010004756857576293,-0.006747369823643164,-0.006411691823874814,-0.00813367515973769,-0.006389974295255582,-0.00697220118980794,0.1335202594125975
-0.026085551704530703,-2.2871581809133037,-1.1472944474059714,-0.00914883663079814,-0.003250658562605359,2.270802392736831,-0.0075247735360839535,-0.009868957687265322,-0.007506064895567349,-0.012541175597853272,-0.012070022562947478,-0.011372526674926104,-0.007443976259268566,-0.013698877054682507,-0.011014677344461302,-0.009280892586198478,-0.007531328503467367,-0.008561690282188738,-0.00828565318156728,-0.01223088085105351,-0.007783336007963223,-0.011512741553955704,-0.009812030990594875,0.02159979609164009
0.03659336627055721,-0.8785020539223223,0.2781521621825056,0.021124717435489195,-0.018888122573744896,2.8881609064324856,0.025078080998373255,0.025708945513440544,0.03021450346067126,0.019830247120696785,0.03067871704846731,0.021337735866230428,0.02254071797321231,0.029856949742396673,0.03056548828167916,0.021984294381692096,0.02613716439342984,0.028441220638332307,0.022547662335313617,0.020656573320946284,0.030506713360918425,0.029133022588192663,0.024310384981288697,-0.05446678415366313
0.19156852463133817,-0.13435261804515639,0.20761259148426303,0.060889426300379225,0.3882296490326089,2.2690955814191898,0.10959575943273,0.08260407379297846,0.12674641138115858,0.13291888141921304,0.09057990647784117,0.09453698203686543,0.11260347410766483,0.08160903275910947,0.12048783416962006,0.09033477946722258,0.0891295466287266,0.1049434685434658,0.09074077861741821,0.1318946040290742,0.12390979566626374,0.12281456799135763,0.12807837153156948,0.10847460213354077
0.011568766565997103,-0.6439828327589157,-0.6937720036546258,0.006571624940472405,-0.00823312503893863,2.2155067485820976,0.0045462133489631755,0.006169569589507315,0.004454879644468883,0.004819640861806796,0.0044750060657749524,0.006493480889484039,0.004847627552383193,0.006203527270800457,0.006749804992416037,0.004693398297261221,0.007334814418440251,0.0057829619915357195,0.004934459578813714,0.004655191637262421,0.004517136438257227,0.004099230976888641,0.007122343304978819,0.002003999219012842
0.03905144394470341,0.9689047165046555,-0.41983446473714214,0.007350090016508037,0.13336700341776395,2.749891355775117,0.02593222763177331,0.02332070764952819,0.01595789616567033,0.02216372822313807,0.02500770451009233,0.015056369189122367,0.019235337886201506,0.01635844815996028,0.017574468051286533,0.0170189377566989,0.019824251342782793,0.025263314688299992,0.019999539324201843,0.026010903801559754,0.023756235703704043,0.02347933111560265,0.017381284756871427,0.16794985147440533
0.07553775176329108,-0.8128445629987291,0.56363970202022,0.03667240334784759,0.018406399185123625,2.9381954991374397,0.035189348327736514,0.03842429708615406,0.0468662486591667,0.04672426546191066,0.038915693250926524,0.03704061547919687,0.04160594781877654,0.031220389859421726,0.03804934671823671,0.044576989668334274,0.04890259292049391,0.04027762887788521,0.03579304689558386,0.045563425575588096,0.048837026984860636,0.04681985245208198,0.04309665464891126,0.07375746653834558
0.06770757186711693,-0.6801689925146058,-0.05148006940930407,0.03217699405720519,0.04389855426115225,3.0286154397209133,0.044625364585138785,0.04008860915905275,0.03328375397833629,0.030910634590023668,0.037294134328911537,0.0323396785014887,0.03346270542902261,0.04534334840558452,0.04515384695203254,0.04460710696149574,0.034972299845612724,0.027160435466608457,0.025515991835315034,0.03696611141995314,0.04649120446075006,0.03467492055405311,0.044110891973163806,-0.017473172086614364
-0.0142257963087831,-4.36815495448626,-0.249427706783787,-0.00273667266417536,0.027420090132757778,1.049577089620073,-0.007964580591600207,-0.007755513625384332,-0.007413688999015171,-0.006580650724253541,-0.008137565218990618,-0.0067288791363186,-0.005260738513521206,-0.004871809227418918,-0.004983254306988324,-0.006708496410786642,-0.004941557891757926,-0.00693623537096581,-0.00808933761690919,-0.0073137370501927075,-0.007646182020801584,-0.00720122936873368,-0.006647051305225997,0.027286267496862804
-0.021206196771713228,-2.6860773350077993,0.058213871092385135,-0.002845755141565764,-0.10515997769280028,2.801628781660564,-0.009829824777584106,-0.009402840450758296,-0.009734777097347838,-0.008749311390211713,-0.008724497227906755,-0.011353630735501278,-0.011615503523214773,-0.009784204824241747,-0.011072841137403647,-0.012095492705777595,-0.009696726051066156,-0.009261988203182813,-0.010346244225423313,-0.01065202634705283,-0.009832499590791554,-0.007877094321250512,-0.009599842003793308,-0.06882738274482081
0.02625731294834976,-0.694963554290085,1.0698990757503521,0.028825919074194083,0.01139415878931289,3.2668277732988513,0.01643529219837806,0.019166103818000917,0.0233017320644337,0.027481637136863038,0.026294740914978448,0.02726141495470506,0.024040741868452713,0.0259840233111594,0.01990651013992181,0.028029619988413898,0.019823646134417623,0.025160441468855578,0.018840151712801498,0.018524283005833465,0.02180517619987618,0.02269765012034125,0.019699293640978558,-0.04601194969636946
0.1779859498148932,-0.38728224113129517,2.5505687009515055,0.1149046441915113,0.17623431618761828,2.6325628864594792,0.12786093490314143,0.09290464683823642,0.07535405230733208,0.073793265121406,0.0736903409053949,0.12840310671909325,0.10861768672278033,0.08281074063221078,0.09675750803425397,0.09223350605823216,0.12451188510688323,0.11021818099580395,0.12764336528195186,0.09076377355103961,0.11167171750561705,0.09132430874075792,0.10541884425780448,-0.01775412091926365
-0.006197667628993547,-3.472591733656935,0.18627701580247552,-0.009843231454152593,0.04681334137438938,2.606084853993236,-0.006348161199197435,-0.005240301237189208,-0.00583751010766577,-0.005058743078277184,-0.004808497358243819,-0.007108053782266516,-0.008321920673385292,-0.00563533223544839,-0.008749824180799696,-0.00729728018534122,-0.008584584546690434,-0.006866882286097718,-0.005021458156700638,-0.006097234528291284,-0.00829799094059729,-0.007203398921921568,-0.005701280105928421,0.05939339538349908
0.04133996093213461,-0.5923748613354473,0.6853402246131316,0.021989529192714942,0.03020903228282123,3.839994002527525,0.018848553043832022,0.015697541866853425,0.02157926240632945,0.018456052572191087,0.02470927012046786,0.0256325565298001,0.019593214298812407,0.023152350487757774,0.0242493677480827,0.02611020792945731,0.025409329374293996,0.019566070607102193,0.01597142366892695,0.026047444503305914,0.014994633325878482,0.020587116822358108,0.020995235024969635,0.023624546494459997
-0.05558955292979968,-0.7323836702007596,0.0018486235327275224,-0.012977511186595094,-0.08788463598945678,2.4459178632213767,-0.031180189953564367,-0.0327891326928635,-0.025450772778898737,-0.023655330533542147,-0.029136241865377218,-0.02613886372155874,-0.018002044355551194,-0.01866365120742714,-0.023915770239813724,-0.023796600649346293,-0.023686281835526634,-0.024481369418155312,-0.028772943603724073,-0.0326952077702099,-0.018422011948411025,-0.025895646359929317,-0.021440958675864288,-0.04451011209536493
0.05977102310495254,-1.2094706871546563,0.7743062085536012,0.04951944194789449,-0.11602971637675687,2.655234902850595,0.0312594030606283,0.045464769773787876,0.0312849208931752,0.039668909718462146,0.037219908564878675,0.035159349833802804,0.042239265060176154,0.0324078286557783,0.03441214726417888,0.025784593008102204,0.0444337310393306,0.03196829450428118,0.03650767374375844,0.026402841640474767,0.042655319879520294,0.03823509269369589,0.04072012296000473,-0.013953578181828186
-0.027199893559846252,-0.9680179029725965,0.4037977811974436,-0.010818652598199485,-0.05922808523363294,3.6920772253865013,-0.013849925423872271,-0.010698809488139324,-0.01596556143855922,-0.016004526544203906,-0.01052463953457063,-0.01020211159009229,-0.01640715018051208,-0.011772410606398623,-0.011502913469769503,-0.013856783437105766,-0.015260876259150796,-0.015777159000176698,-0.01623417384165939,-0.015354120930659302,-0.016382007172809264,-0.012969491268712295,-0.012462927233602733,0.028446838852481893
-0.0020912913465342617,-0.8960307827269243,0.2575029900312842,0.003942784996651901,-0.04722365012596722,3.4923586444995602,0.0005164508645689304,0.0007144454414095107,0.0007414861442837728,0.0008581097973102463,0.0005376598659769337,0.0009087279631958547,0.0005377587012256676,0.000738376974738323,0.0007170504137391608,0.0009013229171547758,0.0008998555219600917,0.0007543883599894303,0.0007860988716701542,0.0006948781379532393,0.0009278847790960118,0.0005432009408136249,0.0005308623545404541,-0.018780925425589623
-0.04730851337043555,-0.9413720670972271,-0.3410344588019598,-0.026152550172276585,-0.06496804568086671,3.276466718159662,-0.037759765300917056,-0.023653288425620027,-0.03293871163561071,-0.027498444631783508,-0.022470146197924354,-0.03037661500542618,-0.022262857069642712,-0.024581900578531123,-0.027068848408892714,-0.02737854974958262,-0.024848017379387438,-0.031228276083913993,-0.03909636807486782,-0.022879373764291326,-0.023888824726737097,-0.022618107609363256,-0.028040026422737636,0.051547538804152415
0.2765136925389644,-0.3154581971182435,0.455505011900314,0.11567578505009529,0.3462927403859434,3.802182985057491,0.13243740169399174,0.08172646683926407,0.13990196885675713,0.10128665911246025,0.14914643660373333,0.08626471517254626,0.10913630887270226,0.10536740175140814,0.08240840257788254,0.12260051122707984,0.1293663604054333,0.10567120364737885,0.1256892936854713,0.14034190374555494,0.14416422364346757,0.09399921768221078,0.09853442094548602,0.03288413474971663
0.15875595974841003,-0.4988066126578692,1.5034124347579803,0.08855208499380922,0.17864022978128752,3.394045705534056,0.08860178480223602,0.08300851684104105,0.08150204995305858,0.08985115077568992,0.06024140130085686,0.06718567717638387,0.08993479423256041,0.06102034724917659,0.07810797105552578,0.09160878232702936,0.09020441924391304,0.0666975332910531,0.09587093963651948,0.10174131598705172,0.09741443728657452,0.06537427106743891,0.10056631165557574,0.04926866097133842
0.08430925699297395,-0.5568861082496126,0.35465343554854534,0.03821188643719152,0.05728595631269212,4.403725105632885,0.026292595743361638,0.032301663598896115,0.029966379016548025,0.038103305392684986,0.03567614973149583,0.02782271510230414,0.02706391417984947,0.030131845986560272,0.04052670221282556,0.028930918149487228,0.04039445275520527,0.024241211765488085,0.02755223775661897,0.03609937763536541,0.04041408704865496,0.024354326323966242,0.02723469982291342,-0.033372446570165915
0.001542024750557194,-3.427555109685745,0.9065466740877226,-0.01458552223815062,0.08529365927945314,2.32272742677271,-0.005528238893058786,-0.003239091714987285,-0.0036174286361903936,-0.005408161978540497,-0.004584931077956989,-0.0043065404471735735,-0.0034858360070561924,-0.0031366051124900028,-0.004671072430871019,-0.0030978432440636186,-0.0035481790731646187,-0.004253029791130805,-0.005578566592236514,-0.00334144933610042,-0.004250641492919517,-0.0034216412516421156,-0.00417878055128318,-0.025271145140755125
0.03830931244115735,0.4595791894250534,-0.3235856982939809,0.007847150216906802,0.132448641380024,3.3911306783399775,0.015007890741749286,0.02201914786480972,0.017405930042063124,0.023517944523450837,0.019295983877932594,0.015638328922182282,0.021026920085463228,0.015567189711724784,0.012812901488374476,0.022108952759471057,0.023424397684550097,0.02195886242540596,0.022588091539876357,0.022232456287617434,0.02219735126245615,0.02315649483721809,0.02248497650242018,0.0056148527724011466
-0.02425438547895165,-3.152623433262087,-0.5572389852350335,-0.0005508207820107522,-0.07968654982110553,0.4640742026844317,-0.00898683439613982,-0.012948885464446344,-0.009501510927279444,-0.010402258462078333,-0.013963436026040353,-0.009508483666139317,-0.012147465977296077,-0.011706593228045658,-0.010683924461649619,-0.011971453372511348,-0.00795788262115971,-0.012356046158717984,-0.010163987541674609,-0.011271229311564117,-0.011140867151338333,-0.008215146920265641,-0.014313351102885265,0.07671599445259125
0.03083060799165421,1.4929787968387713,-0.08539566742699065,0.0018418525881367294,0.09251003045615334,1.9543929693730429,0.00959819380431541,0.012374543043609734,0.008432520762516226,0.010108207584212294,0.01455183098788688,0.013961031092418849,0.008674270710612494,0.009917837917389618,0.012154138591135252,0.012263967797508503,0.013302448277060362,0.011420286021356458,0.008853924146110484,0.01250517814480786,0.015346666499731427,0.011436629342855166,0.010838413913957437,0.03289634479066916
0.030015949362945882,-0.5094932513931903,0.6072004984230678,0.009000987672229233,0.010277181944307706,2.362230335363196,0.008145930887138065,0.009983453336954409,0.01157286465906993,0.013449347020399927,0.011998425013366405,0.009028128097117364,0.011664788945985691,0.011014107358056876,0.010133927655285924,0.0089362512933389,0.011566407796507723,0.010898601776001202,0.008168962485572707,0.009498417484007577,0.010873223616301953,0.011369394653390411,0.013363632266446497,0.022927947180882757
0.023582349655192673,-0.9097994270962675,0.4648235055849437,0.017542647978403117,-0.03715535938555614,3.704330471513999,0.013778047395447036,0.019987780770018088,0.016496618706587328,0.011089004551547068,0.014166304978777723,0.01465114032807686,0.011711413753511724,0.017115958636229757,0.01620617697309893,0.019882195411264972,0.01542431295590248,0.014359597646831052,0.012616037761793151,0.012172401304578011,0.017765394190838536,0.014081503107326473,0.012523235546105672,-0.04627709349957876
-0.032320716556728336,-8.04132354749541,0.3057893451891447,-0.0052004022662206825,-0.12276852656643421,4.036249759522684,-0.009686399162254026,-0.01538353521734107,-0.014645554930079276,-0.015443804749083646,-0.011734473385386291,-0.010804244858415265,-0.012566215516303146,-0.014830956953258808,-0.016494169841307624,-0.012009370462788523,-0.014600918330966,-0.01535624928051519,-0.016061677423145296,-0.010555555829554497,-0.011225207001183304,-0.012094317978040614,-0.015667607983086945,0.034140225943230185
0.14277260914929427,-0.7964653677532283,0.721547700886962,0.06047927348818482,0.03840413513621593,3.9378200260520764,0.05230492871341196,0.03652461618931108,0.05648768860683718,0.061844785869026135,0.04552470952160233,0.0561592897190115,0.04014575307228865,0.06332258247694415,0.04493621823304668,0.06284285312929876,0.06231008248478486,0.0568645936451834,0.059209093653735105,0.0625978922288641,0.06183580295629837,0.043459236433587206,0.043808924360906484,0.014071659132628422
0.01770371311309991,-0.30238555699187813,0.5312777499913145,0.009377425069678973,0.027539461161746624,2.928897053828544,0.00877692358009959,0.01375427876972542,0.013005719034365001,0.00945030676028322,0.010193784105183415,0.013749492528125714,0.009831175967003922,0.012336257045354473,0.010596641184637181,0.011717532050083405,0.012614447037127932,0.014244572997310447,0.012082871636906408,0.008555623802027023,0.010101798566519923,0.013451727787923896,0.010700349817205447,0.025295876048500254
0.17046941885229788,-0.18504471222087512,0.658778880986419,0.057482339660080886,0.3256241073806625,3.008069712735742,0.05969794786762187,0.05643146231524511,0.09720504691192425,0.08881470394991264,0.05685913604237549,0.06931352125828875,0.06223767567532654,0.06434910735960543,0.06540199169294333,0.09754400384681461,0.060325389110306576,0.0914733892487284,0.0705686406565472,0.08312203726749114,0.09319435247768831,0.08896929446582558,0.0997151826174664,0.00834738276003999
0.024777976745946634,-0.6713455365202942,0.8751295937855068,0.01632509561768447,0.004861344674074841,2.8100540505952436,0.018630038936508584,0.016802029231641792,0.019821564345769604,0.013314549842376023,0.016355159554777704,0.01192060901106169,0.015423964003830892,0.01453973241198423,0.012972755570254985,0.012117380193946176,0.01780702808702685,0.017654821248848606,0.011942047094244203,0.0186115609633165,0.015086821960169292,0.019259240401952735,0.019719005989426833,-0.05020830434664403
0.02967937070727406,-0.694234439742007,0.5476604368720128,0.02023957730812867,0.011321200689644744,4.094920801098249,0.022049021329759118,0.014066831199924947,0.016479423280654385,0.01596815619244512,0.015151936242785553,0.013182746542733685,0.015325776753776523,0.022336372610414202,0.01653077516599377,0.015089779727311568,0.01718249638248401,0.017023192549309632,0.01570255522867286,0.017657662320245546,0.01707455605535749,0.022561301737942,0.023088764670316928,0.005687193708645344
0.0013365056837337352,3.326514183548188,0.039678570148015804,-0.002663562929180528,0.03707543375804936,2.4319448376068302,-0.0008147646794062969,-0.0005994883481594599,-0.0006947990895815977,-0.0005327492987564391,-0.0008602570664493505,-0.0007487882606482935,-0.0004933276794757515,-0.0006536882513811714,-0.0004861731682836473,-0.000764302739025692,-0.0008633024963093359,-0.0007761469693483861,-0.0006210344821779239,-0.0008818602199929577,-0.0007006337291620131,-0.0006178421771249081,-0.0005378662584117739,0.017125892159210565
0.12032382072551963,-0.7533459689318782,1.1538954442028126,0.06443999970701354,0.048040358471312286,2.8764884030030666,0.05945612417630602,0.04290696585705074,0.050304448720377565,0.046706099492732196,0.06963021158215822,0.045554979675299735,0.06971164022138406,0.05712404935311867,0.0533712533268262,0.051738081546568775,0.0577642376637656,0.05939643056419147,0.06578271454355979,0.07747500226916892,0.07419461157680426,0.06190833502791509,0.050076349206828144,-0.03152055230937689
-0.002566187480043174,-0.8403915110536941,0.05932177527476101,0.003368731077184743,-0.04445170204634046,3.723411937871102,0.00031905698676300005,0.00030955999611656835,0.0002507192193484319,0.0002321974637736625,0.00026174368381964315,0.00023366376288213092,0.00031737125099573764,0.00023492257708650018,0.0002463200293826742,0.00036216287085366123,0.0003250957373068937,0.00027131194758713283,0.0003686333305510197,0.0002981238230844676,0.00024048433595785963,0.00036642941685668414,0.00034467744456827607,0.1284751507335724
0.12165165010481044,-0.6359828472707977,0.3606361762866042,0.10758428235799525,0.13583793328167415,3.0756481564893363,0.06320453109820202,0.10673750220009892,0.11274902315693613,0.0682033517694174,0.10920949921298202,0.10625462014037897,0.10950438059013176,0.09984611049640496,0.06290071337456381,0.07462136329613342,0.06901080436357461,0.09423406951739134,0.08555659972257343,0.07515007014440309,0.11590936567646881,0.10714835622296075,0.1087942190395371,-0.02346434888997695
-0.013415531587910175,1.229441416518647,-0.09577538209457392,-0.003370611949529176,-0.036723082674584066,2.1334663138681984,-0.01001478848802666,-0.006874245811187787,-0.006135722444062965,-0.008593581220333189,-0.008168873153671579,-0.007173376057213902,-0.009694944100666155,-0.007440040840149943,-0.006649837584086944,-0.008503578697923557,-0.007671391493767584,-0.009331973932414877,-0.008980640563092317,-0.006139215459836329,-0.005836459501961221,-0.008338351499313562,-0.010020456568236646,-0.020328816721463694
-0.0020152278434350727,1.7871871162795203,-0.09839266537797982,-0.003386206972757084,0.01757196105749193,3.2523433474865904,-0.002255033221480593,-0.002152124352452895,-0.0014121881365791898,-0.00145076695014523,-0.0018626185480979216,-0.002085817582566068,-0.00183955220796425,-0.0022252856272875626,-0.0015513154744810419,-0.0017508303875095241,-0.0018250011162861616,-0.001798293592463168,-0.001645672011297029,-0.002117086608877898,-0.0021730982009428358,-0.0017223347905496933,-0.0020208200431842847,-0.04239821171574154
0.3364110097285575,-0.49619153972225527,1.761287200400842,0.09279882929338318,0.23558617661776018,2.4768729875191893,0.09478962728082822,0.10310638176473082,0.14109254735276858,0.07749020647783492,0.08503891752680787,0.08376059625554176,0.10502479647126826,0.12400127468561246,0.10209348436908292,0.09390332613861765,0.09194165056647775,0.09944075001813268,0.09585355853340641,0.12960579324614666,0.13812938829181873,0.11397141222258367,0.1215626478672521,0.08034025660655741
0.03289718567907293,-1.1872736908822301,0.5862198047220568,0.03448504659402631,-0.10310994549371141,4.095207165488722,0.019034778635631074,0.019423231371397884,0.02425356491218753,0.02123883218978795,0.018875201179010107,0.01904435597576626,0.021286722845189614,0.02315734409455982,0.018815399982242832,0.023009576209913545,0.016771088328332365,0.019036169694128302,0.02115979508368362,0.01496592038102603,0.01353679593718957,0.022550219510710113,0.02007097071951998,0.07038128651014142
0.06419065236966265,-0.5364102010343712,0.04170141731439898,0.03192388556379641,0.041519840939458874,2.8573966074436505,0.030900651463342095,0.03501655903056063,0.02498661525788703,0.02361524719489067,0.02892704150109147,0.030357059945489834,0.03781890416479372,0.028224275750158175,0.026493839430363497,0.03747401574969276,0.022781478619433054,0.02428714644645343,0.025528154988904452,0.03753681675538573,0.03279714049165846,0.021528491495259903,0.021802855544398623,0.10797335719145518
0.17713863076095693,-0.6542240697371302,0.83015909455884,0.07366253622732315,0.11278468304785803,2.9113542148018774,0.08595505873780827,0.05068817946406774,0.08117780485924457,0.06179386647048291,0.06565130431834594,0.07397277508202503,0.06752577481259947,0.07948602122367274,0.052200227072742224,0.08547394158853633,0.0771102503854381,0.0902016096165583,0.08520983308059725,0.09163753409182687,0.09264479718769662,0.09300130213104264,0.057591302303964816,0.018581427896330327
0.01769747502610958,-0.34445885164762585,0.2845310516396271,0.009353122361772385,0.02384529841274769,3.9232158855404817,0.00724651234331886,0.009643528742767415,0.010881680810039861,0.010013159599882762,0.006907818844889757,0.00830895611156205,0.010375843785164835,0.010617842469965211,0.009584536899384164,0.012086356166910065,0.011206297734715995,0.011367026905843269,0.00777059892019965,0.008068182676081077,0.008129296826223705,0.011722892038290328,0.011895552070230865,-0.01998101532123564
-0.036886219046112834,-0.7381701936384306,-1.0539964345357429,-0.004530529570257878,-0.05590509636333967,0.6647411987245111,-0.019923161056156186,-0.026000277618103175,-0.0178756430482098,-0.029227395858843916,-0.026515657565098754,-0.019935253298182992,-0.02159589046827099,-0.029585152453094364,-0.016731809501915877,-0.02209045158253921,-0.017738622758709018,-0.026171201376703496,-0.021119207061531656,-0.029759386649875947,-0.02786514462343078,-0.029242163373118565,-0.021032117258069465,0.02512452057195258
-0.02395813240519106,-0.8946721360230278,-0.3124999162882669,-0.00690013001613873,-0.03489126557339497,1.4368958931430271,-0.019583114289408073,-0.012911624806004557,-0.01553671504643803,-0.013705282234863716,-0.011459674143266263,-0.011097882635525268,-0.01362549936081464,-0.016941324941099917,-0.015353474616094381,-0.01091841376982094,-0.013256043928155476,-0.012368488869207855,-0.016309070512502417,-0.012606816490650988,-0.013651777744853696,-0.010702066616028015,-0.010921830844090897,0.03944477799519075
0.03521840532635761,-0.42178961269595233,0.16248317290123993,0.010334719991661792,0.03848098578286955,2.926260022684792,0.017433767846409744,0.01360895470255551,0.015557627458766573,0.011010487509135126,0.015509684648916363,0.012544808931358196,0.018227679496163558,0.012794742020131073,0.013233140526537183,0.01856610273692687,0.014812014086269972,0.012719780177235839,0.01862175792591452,0.018684038229548765,0.014681517607513446,0.013078239043273225,0.013307161650038346,-0.021802351882224902
0.029296257765823282,-1.1515894265959372,0.41518923829082066,0.023199423982750208,-0.10157593321258217,3.4148406940951457,0.017938288191715255,0.020906393150957315,0.019555566939751422,0.020317110995341274,0.018881865268687244,0.01292167347013236,0.02178329291665913,0.020850160719876033,0.017064121654342235,0.018370757644764334,0.02118645114268232,0.013721051279594759,0.015868978330611964,0.019770510999272923,0.016837658479392267,0.02253473576931551,0.01921600291719939,-0.041390207026717696
0.0015266179834742058,-0.8142110456927177,0.4132474736065206,0.00398192971477954,-0.034600303595125,2.8532241147366357,0.001499764475093132,0.002069475816425834,0.0023336420255636206,0.0015164650156630018,0.002305669767485477,0.0017126118869309676,0.0021169604457468003,0.0022566130506794925,0.0022825005277088335,0.0017451299706249678,0.0022302806451077947,0.0017333757477026217,0.002492651568766119,0.0019029780070013512,0.002374765705864772,0.002535902490694021,0.0015303441361475523,-0.01925884895884533
0.10375607433654914,-0.9155520105608124,0.4733728497982037,0.04503205666759541,-0.017477303845644287,3.7840437542879495,0.032401629710459234,0.04934101413319182,0.04888574317577485,0.039326328114446286,0.028993439565565014,0.033652309432050526,0.04517778367395258,0.038177276428109926,0.030826469361518054,0.029068761833160234,0.028377965660347,0.045562603419354135,0.03315368746367703,0.04703595154398697,0.03965661187751276,0.03970186952126432,0.036149601385186095,0.010922769737016447
0.042230696627279074,-1.000081718411784,0.6804812748766631,0.009927844300294454,-0.052107461633841744,1.4226242988018978,0.020935712038243844,0.014121494530608108,0.021860947377584164,0.019753761086012938,0.019222203754363874,0.01999881580243668,0.02255115151856861,0.02435037341292453,0.016137334680425983,0.024669961647432403,0.014290351569336416,0.01692240426237413,0.025262498039801802,0.022519992440460525,0.014317905445506188,0.01426854779099941,0.024152024146112082,0.08316498754844837
0.0229880673856197,-0.9222903529589741,0.04073642342917738,0.010621646803660163,-0.04628236371079518,2.4673805090198946,0.01434353538890862,0.011816038556312936,0.01629008431058149,0.01539264196327017,0.014140480778251573,0.01585176535635324,0.018222585623831063,0.0122329296080255,0.011078156762004512,0.017585827493572386,0.014262035506107492,0.018723997521311212,0.012547773955654259,0.01112140687217561,0.011438661720953727,0.018185436773396593,0.01883934503655799,-0.02019368138608779
0.027821307125232727,-0.6990270502814444,-0.05329743994556213,0.009564094058478629,0.0064646593574697675,2.1031615862328468,0.02103262583848973,0.017161630632053608,0.013277963172967502,0.017169964398312535,0.018226503586927793,0.014559358733799193,0.01401058842162721,0.014631695251892106,0.016877426080455626,0.012744967204064896,0.017176815584446295,0.014737364876445015,0.01506768828457844,0.02135552418843559,0.013799595433167097,0.016252411074924644,0.01905998938998916,-0.026557594264968176
0.019861597859847764,-0.4766742195097215,-0.8772268023280627,0.0051539598673964754,0.015208021561311524,1.3172736452929557,0.009455237005011788,0.009233522234944674,0.009344707801955123,0.015364544431423505,0.012293932346508937,0.010155766874325525,0.009512512234865383,0.013626835097676034,0.009440580310390316,0.013800622563567655,0.013659468331723573,0.012408009489686343,0.010815175733363287,0.008770274903860734,0.011797936705413669,0.011358722513057508,0.013225290920835955,-0.026015532143552456
0.07100523128741097,-0.7791005220038788,-0.15796984570020878,0.021262064768295494,0.025084332054302834,1.7132657548173318,0.04671125385444697,0.04792104019271672,0.03541219102511635,0.04221027982194064,0.03181894616976958,0.038996422111484116,0.036073403784123215,0.03863311113114582,0.030959102971260664,0.03219801598911599,0.03684391373354609,0.047988713115973206,0.02881790081891471,0.038391491785689305,0.026972798143696828,0.04530243018918784,0.046714609499859124,0.0664536517940355
0.07440522719958882,-0.8621958204607559,1.0418532108605234,0.0632597725794316,0.008064503064669095,3.0628451072800327,0.03414056149739532,0.05458446020650805,0.04586952686379688,0.05881676003155588,0.036137065460667486,0.055133460479221214,0.052442476363234056,0.042316281021211884,0.04378846859889347,0.053138834173703645,0.04218565191822156,0.05539406294303136,0.05119694294718604,0.04003440131681678,0.044805295233687085,0.03503250085784759,0.05115982440954983,0.004301816239604683
-0.019526242013329673,-2.3189981821844743,0.3341769285208773,-0.015027497842576258,0.021360276775860894,4.256207599321558,-0.008968162279789237,-0.010630426922475917,-0.013242222370596819,-0.008064031293336327,-0.011457094654150334,-0.011886287112764989,-0.008245786429547527,-0.009558663331720615,-0.012910122916037818,-0.008241273117103992,-0.011134116749439033,-0.009982602896978141,-0.013546164232398196,-0.013410549971924252,-0.007956983560301431,-0.00818342377698999,-0.010672589766275331,-0.0395031102179727
0.034917490902948815,0.7080026414078683,0.049564097283762765,0.005738172378662336,0.11502877214551503,4.83741106750752,0.012350023816403648,0.01383769264321402,0.013443143035607034,0.010697956708599089,0.014257014598463435,0.013474839361761495,0.00890430822737052,0.011773946246422784,0.01258423450073765,0.009089233654389578,0.013169358899999022,0.014386607287258298,0.008366344435199423,0.010372001057688407,0.013747563581250049,0.01447280924897705,0.008298594805014669,0.014406136947255233
0.05848547470187361,-0.3587238880051058,0.12214928521046767,0.02391974865426069,0.12153829699209229,5.5300861198329105,0.02832560505466074,0.026708578579789602,0.02278685313731374,0.02237881989096707,0.02598344532035665,0.03419054741122831,0.023882406655674527,0.026694902569807638,0.025219998080763785,0.02556551461087223,0.028883232513467177,0.03255018405769416,0.0251991671868103,0.021639274569583054,0.02939693344153411,0.030449062373939483,0.025939702482899316,0.03378914445781822
-4.308070619446838,-0.014409121221506768,-7.410926671911229,-0.4810618601336805,-0.9296858097091916,0.6976484284641613,-0.8420197302120187,-0.905723339100646,-0.6402171758548945,-0.6095368758380465,-0.8910761772925677,-0.7551511475323728,-0.7195923682257797,-0.8344085441278537,-0.5339981329204818,-0.6367328488105765,-0.551822241246269,-0.8804015947149185,-0.7853882788406066,-0.917669074843497,-0.7767305839804876,-0.6201436466644776,-0.8148724738443833,0.11610647015918607
0.030331969258259022,-0.7100525773094557,1.2484081081612342,0.023738904549736914,0.009089035835963911,2.6744934837097563,0.023835235687599078,0.02807387877365623,0.020098401938774473,0.016383384231989453,0.025453880188786766,0.02058320339930016,0.028161935216625675,0.023727276213927822,0.017536965531734033,0.018202625424619243,0.02495015598136856,0.026292037088297155,0.020657192756832626,0.01610322256878599,0.022991311300082175,0.016818426356141027,0.023366263789436483,-0.06483739990431381
-0.017150034156260006,-2.0896327875365523,-0.18092516958705507,-0.005598735601674797,-0.026821896052124077,2.20378232868854,-0.01110646950967682,-0.01312133214376052,-0.010345194249340746,-0.011191278766590302,-0.010572961342004332,-0.010124480002486162,-0.010234626888084328,-0.011396763376064465,-0.011511917864767057,-0.012354190063082898,-0.008787458474085411,-0.010642668119664859,-0.007748746127409914,-0.012709012946871299,-0.012091689487943933,-0.007811424978879341,-0.011814956203510469,-0.03404384677205807
-0.008977014956113624,-1.4022560235238848,0.0859996484529768,0.005930391406058,-0.11549689684376642,4.974996853857899,-0.002070223949517012,-0.0015503293271994898,-0.002234950146851126,-0.0016808792149516209,-0.0023466221229670905,-0.0020003259586280978,-0.001943215749954796,-0.0016170729147613869,-0.0019490647921353596,-0.002076808924159855,-0.0015985486901629658,-0.0019571961369532257,-0.0014805459155965805,-0.0018605037449321937,-0.0013752469735693188,-0.0019185085866560124,-0.002102622135133637,0.006377874528675775
0.06337572365982608,-0.5308953842547687,0.8204417349316081,0.0393806810894944,0.10074664102337184,4.2551073143281295,0.049739094504365436,0.03799242736098369,0.031456034978264845,0.03430306306824002,0.03655436401434735,0.039618273836423905,0.04389085421799735,0.02775512089382296,0.04731691628075347,0.027136558890346423,0.038937756632358995,0.049028452267137555,0.03438940750414705,0.04389732320860943,0.03478914654376823,0.03878110021522635,0.04140134500712936,0.02731107758021878
0.0532887443556483,-1.036526484469911,0.18034731415865737,0.03243517767059065,-0.05857604683402206,3.5871326219516666,0.028783402852839778,0.020807661934736304,0.02681703477587951,0.022381076568578382,0.026673525128173024,0.01672547581413395,0.026644575206764654,0.018074220676425723,0.017224871155308626,0.020545594312323293,0.02405926458730049,0.020659926912229464,0.02904080439501862,0.01691933167418341,0.0183166891386884,0.022000371228818007,0.016411970651545926,0.1301162091413921
0.022824190872809614,-0.7025786063266442,-0.4418941981649771,0.006136733084420102,-0.005938662754392672,1.6187555212253155,0.011216997139885995,0.010963469745271005,0.009181661266412892,0.013082968599635805,0.013847251147732213,0.010611650073630975,0.013060427442400695,0.010575347302661903,0.01399773888723335,0.012536025266854727,0.01028958228831328,0.011985981689890146,0.009671599867329267,0.014633843538298798,0.010188134172587387,0.014166837914677228,0.011069644014822333,0.16031222613315999
0.05761389685204494,-0.45815448863611014,0.6693551886869596,0.030679489446525404,0.07411641534821689,3.0376580682356664,0.038638268470220484,0.032205104567139334,0.033589108862674626,0.03276204471828414,0.02673068867980209,0.040238324910012314,0.03501725405405212,0.02811225864821249,0.03313337958111634,0.04059292433999028,0.03573860387785257,0.031704952421654456,0.04220080958977555,0.03239488101915426,0.023149405346917073,0.03823702159178307,0.027008099171568,0.04535140235363544
0.18174223029266834,-0.9706900959866114,3.245101024714097,0.14758515561600583,-0.0069423890289940044,1.776370086912906,0.13830826274527144,0.09685683303742944,0.1174221652743629,0.10093846205151591,0.10870701714629677,0.12377206718141791,0.11557242463449521,0.10840074018711855,0.14413319329042365,0.09197282837667743,0.08563850611627276,0.08729245647563016,0.10211369027272198,0.12113928884579472,0.11731123085238285,0.10392362187594173,0.08935109825767847,-0.07953640409140339
0.15350687164990937,-0.6982121040166981,1.551489041322247,0.07722620578057296,0.07052406428901895,3.3950489519563964,0.05267503221968561,0.06788284643906373,0.04545425115819985,0.059734185239270175,0.05113801891129303,0.056157018832203615,0.07875847442904528,0.06430327300971665,0.053101267346469756,0.06569649044320607,0.07947767157763663,0.07588685209391682,0.07355106527519775,0.06222064023755195,0.06606358475458443,0.08188437469551191,0.0797740171335504,-0.0028375075127728966
0.0297883468477983,-0.2980110411392427,0.9967840426761966,0.01528476812648304,0.04416706109524984,2.4355528298714777,0.02272118161541274,0.023163204293308398,0.016106126240306193,0.02310959656421287,0.023086426976613998,0.021336841865422864,0.020825131908750582,0.021064243884356668,0.022845461208476695,0.02009096153799534,0.015878970552489977,0.019682271908813862,0.021448751782730806,0.023046884747201627,0.024085953457922988,0.024679341445073326,0.02036825536375554,-0.05165687622987736
0.010604655154451388,-1.089884777833546,0.9297142426654529,0.017813933832438785,-0.05075929919593089,2.9772475574713435,0.00838784662714366,0.011383795117686342,0.008696005435723698,0.008167305716841444,0.012983720199925013,0.008978305347397906,0.011621499606943857,0.01311352822213687,0.011661210338727612,0.008049914773594584,0.007433244482261613,0.011827812610610493,0.010165886806122054,0.010165231865912394,0.009739679810458772,0.010013358693616041,0.007895141504771112,0.011622392144778892
0.038528925808288414,-0.7187690223924597,0.32031147189728676,0.025659528577315675,0.0281537120814359,4.118740277752826,0.026142919343539864,0.028873460247004316,0.018758730877645794,0.020884874489027812,0.029198101175131507,0.02377232386443151,0.03247701085513542,0.02346559248474194,0.02518389579437653,0.03142454427771751,0.020649028847820043,0.027156956349188886,0.022562162018365233,0.0329936371749481,0.018930530441340025,0.0271484932792351,0.02639874998103173,0.030330629690646038
0.30889796043039847,-0.7175292421067663,4.043318518121491,0.2151111744878976,0.10617192275517442,1.9828998993084974,0.21052490620306444,0.193129293564691,0.13613992781974552,0.16008048275576844,0.1534970496288765,0.15707144585151697,0.17178506828022594,0.16953710739914582,0.17706591653618803,0.19689046558818485,0.18455247791723364,0.17761776444790983,0.1934054072217888,0.11619985014752522,0.12805980428658081,0.2096820003958855,0.15786222101709516,-0.04002928555897156
0.0076148826290264905,-6.344117223152456,0.24177791811222787,-0.009646164157407,0.08589175154290755,2.2793838376161313,2.3192918041631384e-06,3.3230012987444747e-06,2.395943049349101e-06,2.4699878844666992e-06,2.8745135844258415e-06,2.0517937985568964e-06,3.3647761824117746e-06,2.9473494467879225e-06,2.2974671893752347e-06,2.0791368733018444e-06,3.165245545193333e-06,2.7784185651258855e-06,3.409187415434093e-06,2.9221380661028312e-06,2.705383564553813e-06,2.3214275795274357e-06,2.876935432308057e-06,0.021705140274743018
0.029712558877595358,-0.6425198175274809,0.23385783701322493,0.02352671640875228,0.02943670424288411,5.453245594760676,0.025272547897386394,0.018495618235637015,0.02211271760795132,0.022760542338110607,0.015598742402257998,0.01484678800507654,0.018154510620677963,0.023647171104823,0.014753004589823817,0.024593441091509242,0.025861161792567956,0.023851809010011805,0.015581722793532076,0.023098228460029582,0.021017746720640974,0.015755364213244985,0.01819812026767783,-0.09500847480555696
0.15690248075501664,-0.47156342336539625,0.972156989351638,0.061594215773576266,0.19306584270936378,3.122315520886814,0.0905128403483448,0.07292650974094174,0.09113401304316245,0.0543629623646962,0.05257523261352032,0.07876557729856466,0.05596129416793967,0.08503691940962435,0.06789030845582433,0.07747790579179467,0.07126829333705424,0.08959918544754224,0.08138763115733046,0.07747218124367374,0.09032048020235611,0.06779521212686324,0.0775801109838508,-0.05813884870036112
-0.011311749834039373,-1.5647984881498764,-0.11943578567935746,0.002050210507813511,-0.035498435131712726,1.3600226645637365,-0.005840656089828389,-0.003879998829679979,-0.0061980232831846845,-0.006409532701122589,-0.005068196428736023,-0.004754534144282298,-0.0037199524102847228,-0.003977423302069201,-0.005244750806094909,-0.005544335233101588,-0.006078083236443476,-0.0036338286307648696,-0.006101747944931529,-0.005460194973883619,-0.0052629618924638286,-0.005948299800178425,-0.0044231771076613646,0.12113265105752125
0.024097172658380236,-0.838938891124317,0.4809795768122464,0.018827636851528523,-0.019959243372951047,3.84889155871459,0.012287171749137092,0.019739714911250948,0.020416338432341242,0.01543817797318469,0.013678653331074148,0.016933077414645704,0.014504094529568402,0.016133575438818968,0.019173121220567937,0.017014590942028597,0.021587385683130678,0.017233112760895165,0.013723806659803302,0.014657880228334003,0.012570064335276108,0.01858290266499861,0.016143476966968343,0.04556513387593175
0.1924674712236282,-0.6574614493377771,1.3335231969068222,0.102169912761732,0.14916144726677552,3.2348576258946826,0.09884793769997172,0.07622349646302456,0.07419230759158955,0.10706604558110462,0.07196227155094315,0.11022301509711314,0.07724367771478896,0.11942280429575021,0.1136818244988141,0.12030352850539427,0.10563946024124186,0.11230046298661633,0.09543916991259943,0.08500502920682754,0.1023783992770888,0.11717420184339945,0.1179725798557825,-0.03056318641429656
0.0725821472948,7.390314080067691,0.302824569632696,-0.0020317535643317778,0.2869219150299787,4.343053364747102,0.018442854556317136,0.01266500196989697,0.019653804972417838,0.01778533278544003,0.01945344959657844,0.013117046379543943,0.016572455090288808,0.018714542101907712,0.02076766796902967,0.013874849271066803,0.01279450735497554,0.014148293963894484,0.012921324648960585,0.013920082752803348,0.013264593655166506,0.019179128451973566,0.017546587683232508,0.061746006158818645
-0.13045655734974426,-2.665724656629543,1.0569637802499308,-0.01095307068496678,-0.01195470722884424,3.106928509134961,-0.011713592670646592,-0.007346932479367403,-0.00940963141060506,-0.012334604442636789,-0.010547771464012015,-0.010189436593307847,-0.012643500524411346,-0.009758515439467895,-0.009308718981665055,-0.00938948947509268,-0.007426148197070765,-0.011699584071360977,-0.0069622557290246155,-0.010323842924062479,-0.011178963398155923,-0.009621889998278484,-0.0075196980194589865,-0.02129593635186522
-0.01622268359015295,-1.682717174127041,0.22915287341101598,-0.000275858941067355,-0.10086555458242134,4.24235227917461,-0.006003800627173752,-0.008360183096124341,-0.007744953831021915,-0.006330242738918881,-0.0077456597742540274,-0.008038313756687588,-0.00580497524562889,-0.004802580511244025,-0.007672092051280668,-0.008471159018821712,-0.005816170696035845,-0.004972590651987916,-0.005486930782256867,-0.005373330913191488,-0.005305338444960564,-0.006160171208581137,-0.005716327529929158,-0.06097560778279121
0.037509240030724866,-0.7140295419305835,0.16241099710674778,0.021787811576692163,0.024269752175911492,3.1164256698944994,0.01904418346806501,0.02728670375074266,0.02444614936305771,0.031778547863356627,0.028881860221970382,0.021353841622468343,0.025512066575994825,0.032400303113187055,0.0248747560937647,0.02163162356275294,0.0208834395425009,0.021453446884585024,0.021998972046184444,0.026941844860764876,0.02984904574242436,0.022753690924901697,0.027393256284976162,0.05077486160509137
-0.0015244990664677106,-1.1784587087994458,0.5092127222579013,0.008846577789643179,-0.07741086764201918,3.788144843423656,0.0025971960862438332,0.0016777146283068166,0.0019084985742031711,0.002928973015349977,0.002952036762358605,0.0018350332328535904,0.001988031032351218,0.0028267924877666537,0.002033040323976185,0.002210784014887573,0.0020304097193053067,0.0020001846449684588,0.0018963765872764464,0.0029010347708812883,0.0017737427801091412,0.0023304381118309627,0.001936000196706988,0.03287064935744555
-0.0049859777222070936,-1.0196180294968074,0.8120275315261147,0.005403501691044881,-0.024053234619985393,2.722547500124253,-0.00032809638098553365,-0.00026595539802387217,-0.00025971779560867065,-0.00021909998448965142,-0.00028156332448237806,-0.00035936708521233884,-0.00022410292412483634,-0.00035113446515902845,-0.000365471568588824,-0.0003350177187865254,-0.00035668890391522975,-0.0003639698387225241,-0.0002508382028858632,-0.0002431208051327287,-0.00032287881686342794,-0.00033956301607384335,-0.00028823085314824925,-0.03683177788659753
0.22265413476984902,-0.09145537782975256,1.2633255746873162,0.09556585779041847,0.41677755097770686,3.457573426360348,0.11974092339089941,0.131358538956801,0.13178776858665642,0.10546671679434712,0.10106764691254604,0.07692300897803471,0.13060025284279153,0.1129766486741363,0.0784945018876658,0.11494914000432445,0.11807194618842176,0.12047721683542524,0.13734947357737756,0.12373782675495293,0.09666468279803844,0.10153663218137565,0.08055176740847787,0.2443482022615282
0.026267374111856583,0.32424681281376305,0.4792796752579176,0.005184786630448545,0.033398992984437846,0.8957055756462898,0.012914053738222818,0.016002544154936002,0.0127153204788594,0.01568085428863114,0.01234275276016802,0.011830283486428997,0.0143453344761537,0.018712792750081805,0.015150753784521152,0.012495622241940238,0.015973353833556553,0.013501819093975883,0.013069109260824753,0.013836817803537649,0.014401916203418328,0.014584585862550983,0.014365831424710667,0.06043963829701604
0.09284840040060763,-0.0030885229024835807,0.5598965392579601,0.023785538925600168,0.16996384258578642,3.8652169353644106,0.023943835549419895,0.030953666109510176,0.03513523486601468,0.03792908281574327,0.027512132287804542,0.041796012460280536,0.028729268527740062,0.036275381347449044,0.027796449169009523,0.03905802156361504,0.026688131682331723,0.04348939507425494,0.03885559465010947,0.031436256554829414,0.04234249782822622,0.027191249764797424,0.029714251435753385,-0.0010833205438367521
0.07528085233443482,-0.49431536966235173,0.033197925638115404,0.030336184051460886,0.09772405101158295,2.793663844331226,0.038164856362547336,0.048442957542035175,0.035451096540804604,0.032102784863460035,0.045682062199591436,0.03683676785877832,0.033230127932028376,0.050960820211864856,0.0491223233145339,0.03395216311815727,0.04953225481703705,0.04701241827838425,0.028187426160254308,0.04764691153539237,0.0478740316310434,0.031381590108882335,0.030966409469195082,0.034024221712236846
0.03653376229130836,-0.5452448201078451,0.0967812284272851,0.01952395552726047,0.04657684242499673,2.6539787244503614,0.026068754060950414,0.01929128759157636,0.017784864652288287,0.027499078459795667,0.017865226847894437,0.01990225660310744,0.027388080227704444,0.026162303523160912,0.03179017689369619,0.02863547378307109,0.029617607329609844,0.02049499245440175,0.03176137342993737,0.028926307844318287,0.023382873439370587,0.032417419446756066,0.022988368668565365,0.03834110492898657
-0.061323486354020795,-1.0897455030897127,0.23148132071403316,-0.01755060776750053,-0.03109651574589054,1.8418705004190212,-0.03465520192760581,-0.031101210184277802,-0.035858326750559825,-0.021329762826026423,-0.02880629586488546,-0.022567736496955523,-0.028871667542498133,-0.02732261159513288,-0.03463132990148135,-0.03822767654398405,-0.03331746395776976,-0.024733574755541967,-0.034577974140062306,-0.024160338881130772,-0.025204453016655214,-0.023887519920901597,-0.021857748626023424,-0.08894578021224486
0.01407212792299672,-0.6793051097079171,-0.015357027941808044,0.004505522583309622,-0.0054615278474306845,1.188251205834219,0.01116424724169588,0.00938807593731844,0.006894975372335923,0.0069946415083656085,0.006747577408756665,0.01021222289121882,0.009065009445407871,0.011060852911948402,0.007808830363838197,0.00741082320753168,0.010583064132654054,0.008108278364002342,0.007449076628062902,0.007044771095804157,0.01037778028236669,0.007328404626735265,0.008242662604522822,-0.005533637385303991
0.062462336264656644,-0.30873248748686966,0.09707452191795413,0.008732603868404357,0.06216229373109614,3.096892226410936,0.015331691285215422,0.01813829899302402,0.019304902734757736,0.011242342107860537,0.018614176592476023,0.01333232495166536,0.01109662862506293,0.013978604791029735,0.018540525764512115,0.015526498035322283,0.014436621876453216,0.015327380895487462,0.010867925611503414,0.01925593271436663,0.01758596091436649,0.017253499953689078,0.013129303528560548,-0.002992471832354071
0.24522460259402085,-0.2713476649124088,2.092726497945774,0.08459997914420966,0.3016597423269593,1.9651608836254086,0.12675503764136015,0.15217166179617123,0.12187853186446113,0.11392562892794932,0.08905458666232256,0.14633863803667782,0.1054694709625336,0.10898374566782602,0.16109942122456475,0.11891267240327043,0.15632932507841596,0.09548358377140867,0.09587532846211301,0.11297111878262948,0.12461818870331849,0.09622016603521974,0.16220861538974177,0.046779240557909274
-0.0352016065820528,-1.3888158699890154,-0.5190430887443768,-0.025929957109850195,0.017437078195438903,3.0004545302536734,-0.03121543486340703,-0.026780623202037047,-0.02901037487188101,-0.0261788999086635,-0.01849198157262876,-0.029312650485437356,-0.01836114578063911,-0.02472814163983759,-0.030659909753049688,-0.03303721823871262,-0.02618502299936391,-0.03177490063111193,-0.02813165465893267,-0.02290881643845295,-0.028719018269090596,-0.02115781098953211,-0.03328510338015488,-0.0669718571471527
0.045752986711080065,-0.7006907551306304,0.35655820894298973,0.030536214879121674,0.03442033200147338,4.773523755993586,0.021988713214856282,0.026839648172902793,0.032576645968163606,0.023305507344166587,0.03220787828361597,0.025059870673156626,0.022121162663797864,0.02200520852825854,0.02603607540304369,0.023080550597812513,0.03332672362262751,0.030613958378056617,0.024324997475974386,0.03446076325374435,0.02001870797558286,0.026820482520871942,0.02922067261769947,-0.04215896823547083
0.027079453092383403,-0.28983269079828095,0.2585106351205251,0.008063432231492003,0.034409208771994895,2.6282796066478644,0.011107592813515681,0.013304183234530082,0.008703240689153657,0.010245258378793856,0.008371976723858742,0.013707078980272394,0.010704315552845897,0.009614380573437432,0.008415429111191235,0.010857091729208982,0.009013895739622463,0.01116246927634334,0.010295224278349916,0.011997069081957148,0.01139001244594395,0.009949492658805277,0.012075630688794232,0.0621071138930811
-0.004879809348276826,-1.5287520646125463,1.210963447730462,0.014582998477110339,-0.07636846370011992,2.4464805976866457,0.0023679691948052858,0.001747923677978994,0.0027308955343282233,0.001958583340846097,0.0019088028325890487,0.0027886802869748067,0.0029924619236937383,0.0024091030656605674,0.0017843835782733058,0.0025023340589598506,0.0018958875892825832,0.0020991559488051344,0.0025414531090646626,0.0027830207349846888,0.0016291781536715622,0.002173458212442578,0.002450770245927503,0.008663557205028205
0.07758615820086086,-0.6829316878008864,0.8020114978363613,0.05412505542582457,0.07168984951962161,4.1314062034365815,0.05263781209516346,0.05130674876116117,0.05300172330957937,0.03499687630210842,0.0408962158126937,0.05144720548213899,0.056972972216894506,0.03605106697395074,0.03339376758604231,0.054826018220688014,0.05357896487968713,0.03929841873105621,0.05643367315472209,0.03433951465366342,0.04967665720517923,0.039247454899524026,0.05936241437877495,0.03723400417338896
0.014392348106251186,-0.470172030024106,0.4203554581516627,0.009257387498405342,0.006313291168992808,5.321549715712697,0.0073659176521322384,0.00510455176943546,0.006372678661678614,0.008964804829859006,0.008188136496703888,0.006983664220203702,0.0071492906130353855,0.006906988116104238,0.00766734425166636,0.0055413314018140395,0.006502135430204644,0.006144758367309866,0.0072615781991418734,0.005845761673722206,0.00549886029390896,0.006685457423565902,0.008821941823794335,0.03129454130436482
0.03407481066321649,-0.6274189458724738,0.03740584066745267,0.015659858345756207,0.02128374290123613,3.2168365953894495,0.015419550966358622,0.018740158861656128,0.014159373535968444,0.023105824708662296,0.01491692720374986,0.019083335461460568,0.023169492841636313,0.015007810750224945,0.01894937342200347,0.018138176833788298,0.02169744424643818,0.016487037285941634,0.01397976855252173,0.020434115220153547,0.018296475503404644,0.013416486930110157,0.0224672732195963,0.14109829267264584
0.029862323175864305,-0.8537698541455178,0.3451580348969818,0.0251210271938362,-0.02202444291252088,4.906753762051973,0.02078574495159255,0.012176168444001595,0.018785547788697073,0.02052138950344054,0.01512988156586335,0.01848338028753805,0.016723577734676993,0.01635541786738378,0.02215972840038654,0.017900561864916432,0.021772237666764997,0.01747394201925478,0.017343670765433788,0.020684100624313674,0.02042093393674206,0.02084421699117542,0.01906361436778459,0.004374460084540122
0.07646368692666619,-0.8480462799923254,0.8922967111331381,0.04775258792243177,0.010469184242625832,2.8449954813502485,0.03605953783778636,0.05438877258930228,0.0402563980167271,0.035748876060153166,0.03437866699975063,0.04433517065422252,0.044065080669520716,0.04413534762458683,0.03938946401722731,0.05524073151630863,0.03266282695613256,0.04475089484006737,0.05776873847392109,0.03266525481831927,0.040662342498712756,0.051425674510493,0.057407695151329347,0.035005266031066906
-0.014570703979385256,-1.6827243432602936,-0.8020407689441333,0.0036868632178526125,-0.07816079629717904,2.013435797733671,-0.005448974012373038,-0.003163156533582628,-0.00507580537969401,-0.0042894467488305554,-0.0055112890120189075,-0.0033162331211144314,-0.004137379595487886,-0.00554258786680522,-0.005191470533645485,-0.005235906899669343,-0.004589517487563209,-0.004377003210957852,-0.0049527938629196095,-0.004356819870040332,-0.0044575810334455635,-0.004673959562639513,-0.004986638805035521,-0.002143310211330296
-0.02422478350556892,-1.6311778024419032,-0.25882668658791075,-0.012074301966794026,0.005446834617169669,2.6170428952436984,-0.016417817426268317,-0.0181313867289268,-0.016609886063522972,-0.012282742511507036,-0.014913277513761296,-0.01785330254377701,-0.014572444097427898,-0.01684836999648053,-0.012799981682283152,-0.018413038137310447,-0.017373806276062432,-0.012391771229597026,-0.013640792769173574,-0.01656282215134268,-0.01918901892218381,-0.018546172541954176,-0.011816811861972674,-0.10116753047770499
0.011164599837344389,5.032389045441091,0.527580751625949,-0.0036521860497660285,0.0894095968147084,3.8376112126479804,0.003094307798309707,0.003979282214406091,0.005110683500779529,0.00453901383596739,0.0037070327396476165,0.0032989471469934695,0.0048638944172620605,0.004702371289765711,0.004654606355025348,0.004263539294330183,0.004649651825787659,0.004746700631922081,0.003875287864915127,0.0029090585275711,0.003660832327068746,0.0034332512923380175,0.003923608254444123,0.0989726159669384
0.03690135424049776,0.4018527823845845,0.13728274967464982,0.009436972199041773,0.10350160540438187,2.5614565111668557,0.015407281078836054,0.025741741971565233,0.014241850257846177,0.025876583192051966,0.023337917568635454,0.019397481268456054,0.016395427873619618,0.0224874919743061,0.022434381653812233,0.023789716730773135,0.017744098071090456,0.018633140562343976,0.02525341217745497,0.01935430131619326,0.015589776221787668,0.01859531958281318,0.02193999852358112,-0.0115174813613379
0.027393911933057367,-0.8179008025753158,0.2982340882584119,0.016166628818027957,-0.017187368875195477,2.9850541992330317,0.01707737110978146,0.013650344702423144,0.015013666907326424,0.01183577205149416,0.01255985260867305,0.010217973067270347,0.017869658058092444,0.014540362595895823,0.011616235034525916,0.01722373372381688,0.014516896374699781,0.0138028190178349,0.013897712478737594,0.016790059618467062,0.013716140559321896,0.014944714434718682,0.012482145265243133,0.0037775874840062507
0.024851005281354126,-0.45418247842299025,0.19882651408645868,0.010793668211406473,0.01748192939768323,1.912670062492119,0.015443755674990652,0.01029836422881156,0.014112564568916323,0.010778312815956868,0.010419552321543337,0.014523099581894499,0.015280214889968629,0.01671019391442736,0.013050642208029692,0.011573563044912373,0.012201109220783359,0.012216899119737805,0.0125140980539813,0.011182571380166697,0.013781402186284552,0.013018924740824686,0.016729319057374258,-0.03216237709877434
0.12689347522166444,-0.6620518020584995,0.7711122084678453,0.057512808151147864,0.14125700865098229,2.3395217266069124,0.08118572356752007,0.0919972508370783,0.07328646140669419,0.06861058326665499,0.09591916404636819,0.06796813492270097,0.0801016164220881,0.09922260409302867,0.10352339237476299,0.10206135974906007,0.10430672857573614,0.08079797949920343,0.10446204051231565,0.09615341064408321,0.09406456461003222,0.08011530063042155,0.06219675681468556,0.1475561770348932
0.03882129320012889,-0.3893394929723181,0.21423855636405698,0.011141207891518701,0.0927725768468023,2.9110424295666077,0.026435744393428016,0.019715069199082235,0.018593423509245633,0.023688786437641243,0.027701462074548305,0.020911900046915018,0.021488187666696967,0.026258810313287154,0.02274765489063726,0.022180437298389633,0.02281741768734341,0.017061441563757763,0.02088082504434228,0.016595680091502578,0.017293809962293093,0.028283148397176758,0.022174816115695162,-0.012873885046450817
0.10075790646603691,-0.6539051240939919,1.0947252017856557,0.06899239397372237,0.09119966181396649,3.0363968150118255,0.07985603301938786,0.05650553488868359,0.0740979184674028,0.04872185086458239,0.04549281224809926,0.05428139876730131,0.045755438251939146,0.07187781620257647,0.05705115477396292,0.05360407949840308,0.07553246761151448,0.046835535025315844,0.07825426500012894,0.06833960635949139,0.046740913543351394,0.0789622741999581,0.07905926954122462,-0.03476481753910421
-0.05034196956996947,-1.209779178157169,-0.7103336286375472,-0.019495817861730554,-0.01334679250595038,2.348295792247185,-0.028415514717761724,-0.022738954199188716,-0.028473681346401863,-0.03080353317143467,-0.024181961619290333,-0.027249051059525638,-0.022506324994532662,-0.024494027470977883,-0.020308090258791232,-0.035028108067887476,-0.02431771735653119,-0.02900570745776578,-0.022180730399724,-0.02299187916263875,-0.02350798001396456,-0.026761211146004434,-0.020775718410321876,-0.008679005928575623
0.10027644629331048,0.5892310750859514,0.3944502051036114,0.018587261861624054,0.1922518618374089,1.9767406814150934,0.03393621556382092,0.05341445220636957,0.051588522773733145,0.03520506885094988,0.0399157313045689,0.04640204280624342,0.0503680591543455,0.051876492864153516,0.040385940248953,0.04950122520595216,0.03506544451880403,0.04666991759851724,0.045218200447026374,0.051711858355074074,0.04954337502931541,0.055071491762991705,0.05428081468322337,-0.003689458098452114
0.07173150301737112,0.12040273487850428,0.4078869189641421,0.016591704661000815,0.13849709797202575,2.3232396841728957,0.0312201631381941,0.02747051776482133,0.03784348639369109,0.028375533286911142,0.03956177454526348,0.02819381775263457,0.027973879858828474,0.027788033936114658,0.04123553052186793,0.04043293384088753,0.03551934576694442,0.03174531976115153,0.038319752620386935,0.03722989031718879,0.025075769276745475,0.03628842962865473,0.03114440502629458,-0.009532768687504412
0.04846000653944746,-0.09799887068780562,0.7950501568458179,0.021199505505298595,0.09793300468614292,4.260734053932226,0.01874770174550135,0.03062574898042531,0.02106149442922433,0.02604410921955801,0.022890186751794946,0.018505665133341388,0.026908298600790626,0.026170671750931105,0.025249428124106535,0.025980110076504664,0.026611695140389188,0.020162645809455957,0.027377110325998336,0.020490324032446813,0.01742178130314928,0.025604669585270138,0.017792417649222337,-0.032961529437200765
0.05316421409635257,-0.5049286708063081,-0.03662755158287179,0.03084369202110191,0.0646717190135014,4.2796556956592005,0.022849130492976467,0.03208516563097439,0.028328132936356214,0.03525584947930926,0.03291919755795842,0.030760204890277743,0.03311078824971807,0.03312704407807754,0.02122845560649159,0.0364192623474416,0.027658300645862454,0.0299023644159714,0.021512699001021953,0.024534000021199893,0.0351487815092926,0.031292703347246584,0.028989500334509657,0.04242426647102815
0.07893477366825127,-0.5992612474873191,0.4399383342466723,0.04296198268422244,0.09481388526206744,3.0855190108669115,0.048746525083625425,0.040858903485763834,0.059673402506973124,0.05177566479726408,0.056233056773362294,0.03520441546181595,0.04041422199500418,0.039115525116615465,0.04123986736716791,0.03651192972691758,0.03447150981131972,0.05584919191200272,0.04195592133272007,0.05805698495420282,0.05262795499821776,0.05787641704549103,0.0510528726957198,-0.0005930394240116765
0.051516611353860466,0.0,0.2275919489922379,0.01608409754834105,0.12701664549284172,3.4811403661550155,0.02730576211880578,0.03290832484121255,0.0267240225617584,0.028705028068582588,0.019072360959593117,0.023813041707418343,0.019107641237042707,0.032739339484046504,0.03165500752214806,0.02084360884721968,0.030522060749089166,0.026119325808785673,0.02415679216151627,0.02024605932870773,0.022376248541049488,0.023228443520918348,0.023085540999071376,0.08461535663041841
0.5064978733237048,-0.03548654147407733,2.197269683885845,0.18050077415695004,0.6048192154598464,2.6193764314476815,0.23569333507951137,0.2674464257003164,0.1682010437057859,0.17939217269488453,0.24980382426450823,0.15278398129499085,0.146003589621371,0.2148783673391231,0.2011814279259503,0.25714606141829693,0.22029442444056252,0.22895282860373792,0.17653776752810196,0.26576534145202063,0.15523014241662111,0.24944194565110983,0.2271648764128169,-0.004956761472545423
0.16350636278863284,-0.6881619808334228,1.1728636884268395,0.06850220460875847,0.09678301974736682,3.326478845985894,0.060944361475805724,0.06839045403497727,0.07616865049718144,0.05596316846692925,0.06038159204110754,0.08151281840434554,0.07221888387109837,0.061561129966256865,0.07973003681855892,0.07974213763927424,0.07719348129493457,0.05755669936673775,0.08331868304183036,0.08326477832243061,0.04621704027880028,0.08423267355834071,0.05015153600909267,0.07575998917061222
-0.01126039154360827,-3.0994324703868155,-0.3413169264390725,-0.00792199047638283,0.012344816084333613,2.368990604222357,-0.00981449305495802,-0.007655134218113898,-0.006318952872750645,-0.008653213089314516,-0.009860279216339418,-0.009880121959646394,-0.010304745185228645,-0.01064728141704772,-0.006273155066294139,-0.008866721989897186,-0.008240474072334218,-0.008575500268103253,-0.010512192301576942,-0.010797337240682646,-0.008771562155728961,-0.009627976579490178,-0.009700255792945856,0.12161020799144273
0.20844030468388308,-0.581472200574359,0.748235750452948,0.10993221217094641,0.1503907019078547,2.4938028779816093,0.09186772719211875,0.07278887797366719,0.07764800908121523,0.0832129517145129,0.09795511473819281,0.07007246224325553,0.08025103877546498,0.11504091880360369,0.1269548284941342,0.1004367011017295,0.0961711686681579,0.10790836214772845,0.12103248921954614,0.10295677269417135,0.08844907913890689,0.10307054684481796,0.07421619841829814,-0.008664514339798979
-0.016421899330612385,-2.290307913027633,-0.017113888938991018,-0.0028584594870984287,-0.07973512722562745,2.853687931372844,-0.00893655297439966,-0.00706072872355402,-0.008585717615608212,-0.009261919247086489,-0.012296563181958963,-0.011442892978928972,-0.010474515758691353,-0.012039790582364982,-0.009052168016404032,-0.011902982345749718,-0.006935678293420078,-0.009603672703918131,-0.010618328558837535,-0.00766994138412272,-0.006747977264892646,-0.011909574176103133,-0.011722945827408425,0.015142848154860555
0.004452187074164832,-0.8016275348306048,0.6856297422443136,0.008487599555025352,-0.02889145444249662,4.516189940244537,0.003946269018202036,0.004155055414663558,0.003920502470481328,0.004828342304764834,0.003792019074066748,0.005306073252895724,0.004801419349593874,0.004253961822038232,0.003772802924704857,0.003622325056250451,0.0050100927806816424,0.005215359572788393,0.0036652576271599705,0.0032902372628789505,0.004460911635960628,0.004801485513757248,0.0031664470528655338,0.023105828442945953
0.22625019379226638,0.1419372510915236,0.007087604989339681,0.05537354287583158,0.36682416566107173,2.382730785907285,0.10891877869002778,0.09395513030815314,0.10537817156960726,0.10358967258896452,0.11759679418298072,0.1053660587991055,0.12131339959894102,0.12417334941466239,0.11012469999268229,0.1175006908195003,0.10937491178608641,0.07761137639018797,0.1188581556797191,0.08946963855324691,0.11422610196173369,0.10794538247658705,0.1289301431400597,0.12110478530170865
0.16617979756267773,0.253931171834098,0.32327585143793636,0.03151434719126899,0.2775318310415376,2.235140204963316,0.06431511029445125,0.07447190605188043,0.05303195822596061,0.07109011304280162,0.05860028956824344,0.06754413132444484,0.07819180009326146,0.07261985726777544,0.06103323169873195,0.06390095676318894,0.05676589240887893,0.07664171414556527,0.07678949855878904,0.0769402390702874,0.07521069544281196,0.058998903244585246,0.07463255653558379,0.28601245327394187
-0.035036771384169524,-49.45530497668153,-0.5369487387447169,-0.00711102555078995,-0.04537273011399853,3.764742473616351,-0.0103450312345795,-0.009664705019606944,-0.010786632986794059,-0.012508618271818955,-0.007853834291025834,-0.011250524153096336,-0.012286542254163093,-0.008034748257346007,-0.010225976989641433,-0.008689984795487323,-0.008047670347208784,-0.011651833608387214,-0.009124729040725131,-0.011485549917583472,-0.01196419243141873,-0.01188041098996536,-0.00910912201434771,-0.010674123013957204
0.01039542824491258,0.5668918522452592,0.13757461589364303,0.0007644167633537147,0.05326095855527807,3.547309569168247,0.004234297902074969,0.0045041858217566705,0.0030181956626825924,0.004812748258542612,0.0030504279357286765,0.003230681371471267,0.003582655438908032,0.0031906007065091,0.003851378618876488,0.004853784374296361,0.004305274755910345,0.0053137112378674346,0.003522212841648163,0.004168431149249124,0.004772810598501594,0.0031144034243151555,0.0039600211986645035,-0.0011742695549512572
0.024865127094598063,-0.7426650725136512,-0.3327825672010988,0.008302909593215162,-0.0129889886775586,2.561592104504264,0.009585051662146248,0.013621205054659672,0.012010133749347287,0.009736716342806097,0.0106476197124542,0.012505114182840203,0.01069848867538186,0.00792729950001305,0.012601081262435572,0.012199042991465098,0.014259677605835278,0.012458010678762404,0.01360825018092021,0.010877356187694193,0.013752626101671356,0.012555232395443547,0.011780455288570097,0.013511592009980422
0.07638981882207263,-0.3568439528734134,0.19758436756106335,0.019044176094440802,0.0690294716893746,2.3313066167510543,0.031469200281809676,0.029205643212854855,0.023381053620232368,0.022149871755309993,0.028402869225642544,0.024734801399240756,0.023358142508525935,0.02176514293853439,0.030591147645608375,0.02103736691197128,0.019084948166640477,0.02557236904818615,0.028083502755845754,0.01919140377667961,0.026551382335216787,0.01919028155028652,0.034335516428558595,-0.021528515913998292
0.02800699738138931,-0.7403917141541225,0.37502631937477604,0.017545598269085416,0.002395659175382927,3.929457428132674,0.02223484393573771,0.021512181635231813,0.013604347987796783,0.013314464682852417,0.012877361018255765,0.015464256224785733,0.012712695626980394,0.017083845259641642,0.02182820265333694,0.02115213790795692,0.020777836618912107,0.013593618238111171,0.016618058618176695,0.01624508935598528,0.019907078610695343,0.016022540392228075,0.02037165166008066,-0.07002475420141463
0.010356098292716817,-1.2250432754280836,0.7730672497290447,0.0185489585553233,-0.06382207100095985,2.546036025592321,0.00892396935992956,0.007323652157121919,0.007377558390113543,0.010465607953304886,0.006451449937241605,0.009521518673234945,0.008893573319939336,0.010695708228067242,0.0064094438030822065,0.009154921094941721,0.010066049175969307,0.011696875044045249,0.008050406464478221,0.008725971179324417,0.006677861082091847,0.007318555901719654,0.01027700617476498,0.00023148456574251242
0.20721857995497772,-0.31237184537711704,1.136244763430918,0.0987624864838999,0.3569436617559188,3.2256571056553067,0.09363882308869893,0.08522508107334786,0.13582753472215667,0.09302654628860996,0.140219387994893,0.10679482187387646,0.11723116290227674,0.1402862196568647,0.12644488765868458,0.12228789098083699,0.131019962970134,0.13976206866991564,0.10967519478836213,0.12614463578127366,0.13677191713715514,0.08779081935602565,0.08927643351697782,0.031176065344672876
0.008363467617375801,-0.22519373280045743,-0.011340940177567704,0.004590783753264698,0.019028476130298514,5.561712068522468,0.003786925628441665,0.004635678772848271,0.005139518502748286,0.0034676084883947488,0.003452401737190393,0.005097113130721672,0.0048459924803221106,0.005231001125331072,0.0061741182769825854,0.0058903566129655145,0.004835008089915909,0.003938069399550964,0.003626183575729821,0.0061368801420957405,0.004882543994096777,0.004417763546277718,0.0038590534445993667,0.021429868419813092
0.049134508092676575,-0.0760773686936025,0.47472279992708294,0.01535867703695232,0.11945198814187441,3.4801591532901055,0.020612017039576835,0.018375648586675168,0.021342099035786998,0.018607321773644752,0.02761898427550699,0.01865221506851243,0.028110142136808923,0.02473920100257054,0.031002900470861423,0.020385305261316912,0.030438155315987057,0.030576914494144444,0.028061080795953763,0.03041609084745048,0.030895103644409228,0.02083256598267019,0.02973107968659566,-0.03551107308257373
0.026747747658939083,-1.1510416061677295,-0.08181271214110386,0.015885719761527493,-0.09397336246318502,2.2341826573825494,0.011624416773842943,0.011832451444096965,0.016138797076082567,0.01616931885488491,0.018247979051991825,0.011455351237364098,0.017227868362934898,0.01481580214876851,0.01217143019165608,0.014708655465709082,0.01244795665345854,0.016622358040303445,0.013241936401708466,0.015571904410272373,0.017113524944349794,0.01863039158716072,0.012041860725192751,-0.02325906758035623
0.024039497124283164,-0.742095064614177,0.5259356238208279,0.01860848192296025,-0.0022916808780416966,3.6310466429610115,0.019798698390520727,0.011473513028162003,0.014100091706414786,0.01858497231932972,0.01703540475249802,0.018243081837752993,0.01884124879687003,0.011913634117827173,0.014524676717716069,0.02007355097836334,0.017090928595533367,0.01484596838486709,0.018658260116731846,0.018956855091090595,0.018092339401912436,0.015154733053070536,0.018885604570002015,0.01855030818220582
-0.010068321505552879,10.729552268514102,0.37641298656207356,-0.0049722784354318695,-0.0015018879307690796,1.54816720837641,-0.004575620865078976,-0.004155782131793118,-0.005553543842095867,-0.005870743459018416,-0.004046974844451926,-0.005053193445298774,-0.005198107638352237,-0.0061713019216170315,-0.005830778459125331,-0.007458544785070664,-0.006273398153350112,-0.004737128545588976,-0.004871872170151712,-0.005798998249770676,-0.006617960872367648,-0.004866835377267374,-0.00428172914310714,0.08183728437160731
-0.008174879169291807,-0.7025352603667812,0.3665893440223236,-0.0011451018643461523,-0.036952656808996676,3.305176893805641,-0.004647992122782116,-0.004856865150149989,-0.0048752335056591965,-0.004139055808994069,-0.0031325006573162196,-0.005050487676871766,-0.0029909860444017173,-0.004469034576155115,-0.0029750300393155665,-0.0037408137286035334,-0.003379330672891096,-0.00490388874620954,-0.003043854548944208,-0.004075211880098154,-0.0032877471620494326,-0.003555995414025681,-0.004552683446748888,0.04148862082314464
0.004190128482396278,-0.7280182138506217,-0.05075795464344224,0.004572083471756989,-0.03284195405545802,3.7611795777770447,0.004247162722685163,0.004148724878588174,0.002600775104010059,0.0031425350183819757,0.002937380510292162,0.0029731296522850412,0.003168778377046464,0.0027102615000886765,0.004089364616997964,0.002880212656549485,0.0027934675635941843,0.003341332502999964,0.003380774026652515,0.003351725861145552,0.002951029089889307,0.0035152740181898885,0.0026689339730556296,-0.05689951999179066
0.034733153720233216,-0.5529186714817161,0.26863830123144966,0.009159309987847735,0.00974130812886005,3.605200993960412,0.010496686767146324,0.01094411885258187,0.01206821397846002,0.010452466190031021,0.010372466392195124,0.010518755726386341,0.009861511630725139,0.011279144749774142,0.010879682532072603,0.007325677363566358,0.011427188458790481,0.009839191729645652,0.011960568855589609,0.01180559340168332,0.009036161773320884,0.01029482887691293,0.008274511599781134,0.049369207116896296
0.13668362072726048,-0.7313938423563918,2.4980538494629427,0.11023345727819249,0.051779833617238875,2.185545479049747,0.07337053745999386,0.0982480818204428,0.07593977430318714,0.07247409177116915,0.08027513208925939,0.0767090383231192,0.06914742297286092,0.10051886544977708,0.09328765997143337,0.06362546470242306,0.0702476330962695,0.10021144806900775,0.10477972168930888,0.07864273732669712,0.05954390428559672,0.060034851137162885,0.09314634411595929,0.038323599103543105
0.02614458344131662,0.07345511018072481,0.4384867271560866,0.006641100915088708,0.08891412921600975,2.4375057013940893,0.014440750535857598,0.011366442348919384,0.016617004722776833,0.012543096125890675,0.015609397920049992,0.011551436843605519,0.019757462407937722,0.014155329864061105,0.012691012506676182,0.014120179009602309,0.018182763323928226,0.012453258471189815,0.011087393080535385,0.0191091862460063,0.012264921435941309,0.017587450322657235,0.014494055313427281,0.03855372574426719
0.17556504884064386,-0.39393041149509467,1.5012829113259483,0.10575016110112757,0.2996554247297374,3.0260167892930414,0.1284721322835217,0.14627539752918553,0.0884011563956731,0.08752540726852165,0.1270931236494568,0.09481011831465047,0.14578310021759092,0.0875671943031662,0.14410838546072696,0.10216665124392812,0.09073525727685763,0.14246994835436252,0.13411694852053582,0.09380604195762984,0.08438603487522789,0.08217774380255914,0.14067251295689875,0.22323225792604862
0.0694050779582759,-0.323112744003692,0.035854845759419884,0.016849647906254924,0.09061167520988732,2.073149036583439,0.03166635284787518,0.02271877346264463,0.02546324137129912,0.03049615426722409,0.0358552915403939,0.03462303456156424,0.030033780581250148,0.02296440170482453,0.031899605167781266,0.021642964866954002,0.03530525280649334,0.03458154471493213,0.03178711493982507,0.023809281716273455,0.028255515277281647,0.022440303977443694,0.02630480363156343,0.27881360911623254
0.030969625345316172,-0.8367076193820564,0.3812928252094916,0.014684562791982006,-0.010965957551579936,1.8019366143126836,0.016802211747201,0.02129720639043262,0.013463682722258867,0.018735325083296915,0.015877698739200696,0.013244341191777968,0.020135250094540792,0.020639626511717208,0.017367571503998227,0.017894118687296547,0.0232657609420273,0.01359963346975145,0.019821330350654538,0.018867555715016786,0.01673264161238018,0.016038130046664427,0.019270406947565523,0.014414262215745044
0.20684808504646757,-0.7718971616734633,1.5759764729215475,0.10841698389851617,0.07052696870240453,2.9183375226000705,0.09090417229150455,0.11120973278136535,0.10229523008911859,0.10751422559123432,0.07524030374986579,0.08503674717424733,0.08676410990756823,0.06971268227385756,0.07567829390595172,0.06583106088923006,0.10889848696422748,0.0780800250948097,0.09943767748300233,0.07179250979047452,0.06575157444679383,0.09085880109361959,0.11237882852787985,-0.047936148873780615
-0.03748550867245533,-1.1967603399932338,-0.4226279172958225,-0.016632957815008235,-0.028960627164954542,2.8280061820161575,-0.015685964096576032,-0.02361772851675918,-0.017513852183315835,-0.014328066171193928,-0.025542041522406713,-0.01455672375832894,-0.021552819391554887,-0.025617818372150963,-0.023170600588416718,-0.022558446363194533,-0.01965559340498965,-0.015834831504518313,-0.024219444908276887,-0.02369666516949408,-0.016621917593289393,-0.02246683820361916,-0.021098494136797423,-0.023378190238374286
0.06129472633088752,-0.742156412785723,-0.1070396277829988,0.03195480468869384,0.044570183361890205,2.374946549388683,0.032525994878970156,0.04607089115038648,0.04642586491781265,0.05069057536805959,0.039428028939498476,0.049232531542957404,0.042385372486595595,0.03944140262047043,0.03203481770918002,0.04341914748078001,0.0411066040108468,0.03192898343069605,0.054657707544652344,0.030817632633301874,0.05312031621301371,0.03592538513994669,0.04532740310297661,0.013112093479043185
-0.01632617088479084,-1.8655111610967083,0.472728904119899,-0.00255276005354814,-0.07183042598139983,3.4869777004874516,-0.00959260058375525,-0.009287777202940288,-0.00800554629053101,-0.007887736542590864,-0.006439365358067812,-0.00821214701571043,-0.01083934054763926,-0.007768876140418669,-0.009093572706230828,-0.006328567381264312,-0.010762771499568445,-0.007363185715919037,-0.006617434386212258,-0.01043184336009759,-0.009623332645956714,-0.01066089265973167,-0.00773952966939341,-0.03056052318682334
0.13658990348503666,-0.8373183888545982,2.4699988089441227,0.12733223075695171,0.03352589289997556,2.3043405924524825,0.08285875433537104,0.08851426848441397,0.11435761366553869,0.0730531025960106,0.08842909593759207,0.09811887781214873,0.11686895652456697,0.11720735890476205,0.10632572192247954,0.11064200922100008,0.08106911303146641,0.09083374149638856,0.1050532107061382,0.07295434256182283,0.09867227270092488,0.06939491013698507,0.07762894184571346,-0.0773856751831592
0.021436611601488253,0.24933303106507188,0.22180700850698898,0.004099267746819165,0.08969766289612431,3.4690266614592105,0.011812365794765555,0.012957649470162402,0.012180877922752157,0.009152635212464023,0.011598770808100881,0.007488494433702165,0.010135374988246989,0.010800597040889317,0.0082731480102788,0.0095970762786803,0.011119660692720608,0.011012552668771653,0.011539727167567472,0.009310179479591325,0.009967557133270875,0.012119230145423088,0.013024928242304126,-0.00475428019562063
0.01915884855193729,-0.7319163510650418,0.3468787930156614,0.013650542987262145,-0.011017220948837073,4.64356758342839,0.012928082504654532,0.015316028068498745,0.014150399090122277,0.010790746504280265,0.009490965563059126,0.013986699847643865,0.010455331872890397,0.008862478162135473,0.012220745845836833,0.010023003498981407,0.01446010805223196,0.012088836989109763,0.015122055540043908,0.014319548538877947,0.015945673818465612,0.01514661957421107,0.010957708912524072,0.05125975457087395
0.017465736362881245,-0.9209991590232428,0.5471813455235441,0.014277781989494786,-0.03597500994300922,3.2036485299964568,0.008615565488750514,0.010380815470731726,0.010627514206477152,0.010990983108802975,0.009839045871740032,0.014588020012403084,0.010401386502682625,0.011758386279240734,0.014090438451797183,0.011085423188801721,0.008145382787110645,0.013336244048213642,0.010161788482908461,0.008852340305781555,0.01064168920819194,0.014395885211145586,0.010507301810581175,0.01112199063074315
-0.03162924803567908,-1.1591682478712,0.39482120329954495,-0.012862552185780213,-0.03492782434467504,2.7776420768356207,-0.014705243663537192,-0.011570955153895699,-0.013664781755409187,-0.013664109119787908,-0.01631954138561128,-0.013611388899448263,-0.012536709960226322,-0.01652836544937167,-0.010520558194935872,-0.01755474265728452,-0.013501125661824074,-0.016332826452647504,-0.010860395549231988,-0.013210025838036446,-0.01256555506431529,-0.017243435404916515,-0.012544141325390903,0.05002355303961026
0.026488468298934496,0.07380709423202471,0.1576446192385017,0.005422148168788455,0.06804657624326309,5.1868563777021,0.010269658874573897,0.007288986630176745,0.0063032115219434455,0.00660944738448429,0.01028834715926689,0.008632552122174248,0.008656524270686309,0.00891317158488121,0.009610366088833318,0.007816756884784289,0.009522757009587036,0.008590612523412965,0.006714852555860363,0.009187984771331661,0.007424663229344755,0.006373654417775873,0.00895357328174116,0.01255207721763174
0.00017654445056852612,-0.6328360285171147,0.08039648375524067,0.0023370101860117633,-0.02670113043332182,3.026353455277848,0.0008752268190447163,0.0008486055379409186,0.0008496126042542617,0.001172515493817744,0.0011930883743103372,0.000975258962880142,0.0012872222219144696,0.0008314393498727154,0.0013193979707612719,0.0008398110724097483,0.0007889076817501178,0.0011967310094079136,0.0008013266355335388,0.0007782508106682042,0.0008820004373921152,0.0012587797938831218,0.0007191563999552694,-0.03799014306093551
0.05052691754740723,-0.5983258955693452,0.0,0.021269413418902205,0.04338169958163258,2.6006631112892724,0.024524336774390754,0.033388246326865455,0.031258820477826035,0.03271599826387223,0.025590572441822224,0.023867036695561308,0.02811190280362276,0.023529659666503406,0.024053362129886065,0.026038958924007753,0.027446187128790964,0.019866842763400876,0.019844863777563573,0.031247908419487134,0.022696516719066796,0.020172991883742487,0.023640675197570966,0.13116881135222203
0.022586756127625385,-0.9033021858784474,0.9527391931409324,0.01964577603914618,-0.017372620430838284,1.9971719027061274,0.012826111096775278,0.01220178793848896,0.015442211400368638,0.015082869323667253,0.014150183358896182,0.01594752911321912,0.015190368326426461,0.021816238501830055,0.016574199192458706,0.014795220817547486,0.019741059575282587,0.014571886414589695,0.017400097055105732,0.022266281359595103,0.017730134032798207,0.02171936506798269,0.021044840362579142,0.053152867786672386
0.05633863993277513,-0.5076109007836483,0.08812501741480627,0.014114662186825734,0.07755212269802433,1.8810390408540116,0.037777447316749375,0.031406162542449774,0.024178697629101454,0.02857904421927576,0.02246149670881738,0.029491221044914983,0.03367540924765808,0.027777528424416765,0.023778140664120193,0.021607360791100774,0.021024788492341816,0.037171507721709705,0.030229993715534205,0.024033524717272128,0.022722346036305668,0.038440362554245204,0.03634489382294911,0.008594570179567329
-0.019698014261817057,-1.7647593504018155,0.29903003198202494,-0.014540355562184635,-0.004339557495405049,2.544569016263901,-0.013777016316899883,-0.009478048979493576,-0.016586079908996482,-0.010192611679551182,-0.01649983225200149,-0.014954372346769005,-0.011768291355930069,-0.01554395180899204,-0.015248588113620351,-0.01087404678712842,-0.014482531979396142,-0.012044496303479613,-0.013807897970003058,-0.009978329238528457,-0.01658697874100542,-0.009807606547021565,-0.013353129163919654,-0.07452034682220754
0.040395042790073186,-0.6386997143149289,0.419289950335453,0.019989247326286926,0.0359048761117817,2.924913193379338,0.029994697911403388,0.021657551615399576,0.025930739139063717,0.027172028963965138,0.02215260177181014,0.023206004571489663,0.020800554782142863,0.030376571030732505,0.02718322361879502,0.02811683386985858,0.02257499039222981,0.01852684912720473,0.02093704838731572,0.02950691415519708,0.032323611775139635,0.019162260670860923,0.027807411449187205,0.0005943236272867303
0.14962505800264167,-0.6691926403185825,1.1144640873995508,0.0799431254015583,0.10792545856141361,3.1035760420251686,0.05466411537902996,0.06903616746545159,0.09185329291632303,0.0632887096490563,0.09406950803270482,0.07401580149702458,0.08788351523122319,0.06008244919626597,0.058115839196039354,0.07605038178441899,0.061727878963082614,0.08041218867287937,0.08556974247203393,0.08489178753783651,0.0950230433541829,0.07978086059320276,0.08796090995978827,-0.01833868250298587
-0.0005760078138148236,-1.3904218576602454,0.1642406754547543,0.012694271991616735,-0.10941610000516555,3.1017258146353095,0.004987568463046966,0.004698538647731024,0.004234925610769934,0.0041409781777843185,0.005351874702385286,0.004346945117600079,0.0053340543309249415,0.004246202062623161,0.004783799993962196,0.005369003074264802,0.003069076792658325,0.0032079415124737273,0.003655600828170943,0.005140805951482747,0.004975090391800454,0.00501906811874839,0.004624552738573252,-0.027421620343773934
0.00909975350492573,-0.2023090110046341,0.37852991439567996,0.0035332034374956226,0.013340950825713885,2.927478407541618,0.005865478658839446,0.0035941351253831948,0.0051778540754924595,0.006240759868875786,0.003958752599349962,0.004078721835249447,0.004761535134010482,0.003974969808805826,0.00536850160368474,0.00475890285898116,0.005340282957330929,0.005553428950750156,0.0038865125727917844,0.004766135031983183,0.004433119455417597,0.004547338877923558,0.004438784201289632,-0.02572751322751321
0.20891589205981817,-0.5788561227117112,1.3844538514295257,0.0867784203407577,0.13338145567933762,3.4706348283902635,0.08794751868256924,0.07547262059315804,0.08966082340825977,0.05455530894302745,0.06283313852054494,0.0690224564557355,0.08010461340245104,0.08715683223141446,0.09179791821101146,0.09356956786624744,0.0766093454599547,0.08849317455878286,0.07800602034844895,0.07458012428656592,0.06716614768263007,0.08344102183816303,0.06387900731826043,0.03133964503960529
-0.004735765617500169,0.20309004031428657,-0.17715328956956933,-0.0021759790523205908,-0.007509981326199582,3.977205167405924,-0.002676246608641608,-0.00206193769311688,-0.0025881067264659262,-0.002079851017477836,-0.0024882883071125,-0.0029268953262595134,-0.0022919086878384577,-0.0031212314178434234,-0.0019879467389934953,-0.0017786558898300092,-0.0017970795657541218,-0.0017928369187915371,-0.003148442619023267,-0.002389113220517479,-0.002578362757428316,-0.0028277013990216935,-0.0019553023042750447,0.0012865478935444319
0.026139525589381696,-0.5316020636223219,0.07809303228957361,0.01468004544384928,0.027273423141452292,4.389555141173956,0.018051095536893328,0.01050681219805525,0.015222655853544495,0.015159733147032882,0.015298419529707024,0.014458521231795515,0.015018937361008485,0.018390772437233336,0.018345707729981783,0.0179172855750037,0.018287966480904604,0.015951172910379563,0.016984531178239073,0.010211689648235324,0.01622225354806848,0.015435814146158045,0.013771657270556853,0.0042971916475667005
0.005576533662663973,-0.24862177606626137,-0.015114826252681235,0.002247245729359169,0.0048694657974001,1.53332391310063,0.0032896765318247453,0.004864074577807284,0.004141393240340798,0.004446332681373737,0.0033206541753447514,0.004496285186786109,0.0031995792675114827,0.003273239608544158,0.004001345149144752,0.00316024926420607,0.004892528285910133,0.0027570365035424127,0.0029919890276993177,0.004108826922939812,0.004385086155558317,0.0034971355030268517,0.004591816352962831,0.04889498849756513
0.0746880440111609,-0.7123991023142803,0.7494238203476522,0.059190490028349474,0.06015330627931835,4.873548866927741,0.05534341067100119,0.0421458337790326,0.03340195070349232,0.03529151463328088,0.03373192125453761,0.05618158202639868,0.05437934015525031,0.04628960609797454,0.03215296165234981,0.046208308829237245,0.0467943841931785,0.04142875680868188,0.05497671117179845,0.055327076499300895,0.051225507606357766,0.05003326404277133,0.038306648585146603,-0.04111541294638155
0.024399399693425333,-0.5213490098125755,0.13300418437671307,0.012781011910543085,0.027125763503746243,3.1721451371291187,0.01654010471027521,0.014188347449530195,0.01096982888117499,0.018575320783205,0.012082412808116576,0.01232623314033289,0.015894506903684238,0.01762681725746464,0.011620779008515152,0.01631465516854477,0.011744323183225457,0.018818919372800058,0.011792822497379103,0.017453703332439396,0.018269047231419637,0.014203081220350739,0.010450012667235966,0.024617067422727956
0.0478208223717509,-0.6072444738006391,0.5790484010348125,0.023300129976647675,0.04440091438599725,3.6070548756851033,0.027432404660538683,0.027936134691563204,0.028726292642895394,0.030354153760348775,0.02069000926587135,0.02857618958238742,0.02809982339815177,0.03154944752594498,0.03376724302905747,0.03082078672651921,0.02881104875152636,0.03284627255018359,0.027589914711848258,0.03236505724333492,0.026525330917816996,0.020933105306896984,0.023590197672579458,-0.04336428830223393
0.1373297471143015,-0.6645497578622719,0.8574659499261217,0.11112725790583886,0.16646030724001837,3.7243357831931725,0.10993360819377586,0.10170466883832616,0.10216201214596744,0.09068760551089877,0.12215168828096161,0.08479137031751603,0.07915863568320375,0.08031283276072543,0.11349022975251302,0.09582614181545095,0.09615448908314303,0.11854621207819943,0.08084256658917556,0.07604325488457596,0.11248642197430245,0.09209326111142752,0.09195151417256361,-0.026304454614731965
0.06353539588357486,-0.4429541096838877,0.6934149990608263,0.027110265119865962,0.06435777516675997,5.290099340178838,0.02821850251629023,0.028302719813519686,0.024858393529745372,0.02802367480291969,0.020707215111015427,0.026342477668045587,0.0213281105813123,0.027694643868327193,0.01743562946736091,0.019059699481315497,0.017367780575353244,0.024773818754637217,0.018963029718915416,0.025636772171849006,0.02417602491456117,0.02150491621899884,0.021998399139360598,-0.01031105956017997
0.011848479890898801,1.2662871278322496,-0.8527309282803887,0.0005311634234823327,0.05464744871986548,2.3885129102535116,0.007696653924257238,0.007669275977117564,0.0071957267112635484,0.004697154009797831,0.006369042193039931,0.006446696007119845,0.006925593467625686,0.0056185178479305035,0.006000247260089755,0.006661434479159617,0.006317810356525115,0.006173286954941027,0.008082774818342285,0.00785010406598302,0.008346692778952045,0.005312544393608216,0.005626188567884491,-0.004616784001568175
0.023558450623649856,-0.7543173240977173,-0.24428987870891983,0.012346125310477286,-0.008857452939302627,3.0051591117974734,0.011304937295935638,0.010434252126015947,0.012216104894787791,0.01263326466535337,0.01091875923784516,0.016806383049729604,0.010699268751231804,0.015163128786501626,0.01743881478258647,0.01485185845874849,0.013731577724889841,0.01801935001098228,0.013096756478325526,0.01817449402856848,0.014882118152867465,0.015123233253873476,0.014229954257480611,-0.03968053327815635
0.03586794653783217,-0.7645224436567818,1.3414651733486394,0.023228091715104635,0.000558602059468629,2.6544511728322844,0.02160234021718521,0.0247423733157158,0.01573312851478754,0.01841406378561779,0.024904186952751026,0.017605565764474314,0.025005406852178995,0.020606632603064005,0.01602763591780922,0.02489652361826641,0.016322410837318432,0.024934348032262837,0.022764989642672293,0.02181740879550056,0.024519920955691575,0.023659244330190815,0.02307140994109096,0.032444885219810926
0.01823327969865113,-0.648258289486934,0.06869247017156965,0.010163194989748455,-0.0071371643414882835,4.24880475275928,0.009802667216611697,0.008595158062187051,0.010192388798105466,0.009996079918437524,0.00675412105592547,0.006403718068587318,0.010293970797639445,0.007833147034297895,0.006462996306197326,0.0069734363406102964,0.010452166749106782,0.00896811602661939,0.00656735247747863,0.010071050056763342,0.01011849227128184,0.010619117382151171,0.007266439563751766,0.0026454525418444508
0.015724949333330168,3.683460120865206,0.29904572067850577,-0.0018957635361817116,0.08378938273199713,2.4006699164955183,0.005293767458502237,0.004762765777821026,0.00619797853371458,0.006202573915378401,0.005775594194271967,0.005679089853660807,0.005594543538326083,0.004508196155909282,0.0036377760683854593,0.0053005512597221974,0.006222747251616389,0.003949725835329969,0.005315148536263391,0.0035706823727897075,0.0040869214405117845,0.004804837941822125,0.003856960781467671,-0.022413148345904688
0.01725496694265863,-1.0057923900785772,0.2961024613408747,0.01648532078547492,-0.06309731068750109,3.7315932169189883,0.00925390275566238,0.011364834923774984,0.012727992542117001,0.010850457835287427,0.014655826373301067,0.011032380266391372,0.011776241269285372,0.0132750851815671,0.009135044243833356,0.010492782986998808,0.01575636398082438,0.008663891403133981,0.014079721878189806,0.012671424504704354,0.01116127113615913,0.011017198190664143,0.015715579109157562,0.01014375271547796
0.06561505506436884,-0.49970659662748945,1.2124020987067223,0.024742162503847698,0.06975695764657834,2.449006129874047,0.026601611641944696,0.03830907804218935,0.03177633650316596,0.033811310525575705,0.035303812644038514,0.026386332687071454,0.04117038204774066,0.04196225702670972,0.04472527500661569,0.0364615791726889,0.04080389229677195,0.038180604056164816,0.02790503449729642,0.03865319577315253,0.03632942016747239,0.02603853654659158,0.039318031734979886,0.02464838807130998
0.06873342271510524,-0.2584981962226971,0.17490052938164302,0.020088227985086103,0.11273060692431737,2.353915356589396,0.03222586140896287,0.03477855095273928,0.032771369741786446,0.03724222520110722,0.025717816767835893,0.03234937744750825,0.035692248636424506,0.02686401004439322,0.0331163741270246,0.037099705808297544,0.030109866144320194,0.038932812172339334,0.030067353692039746,0.03928503525551245,0.025374037931934327,0.02639311941947306,0.023403785517557524,0.08424839208372581
0.43762227477703736,-0.5652261528920348,2.617911913069561,0.18662348139739635,0.24115160491013235,1.9346250119100072,0.14837563882808014,0.1653142131107565,0.18024009050135673,0.1576908524163579,0.17032804598697265,0.2552463686414452,0.1790985081427818,0.24864899445952263,0.2553680841397975,0.1953821401693033,0.15329814497967106,0.17988568001616806,0.17844025956378787,0.16403889066931723,0.2555638657796832,0.19463806443935006,0.19588198187575556,0.1274675188291161
0.005735922204687542,-0.9187580495116903,0.4111244347883813,0.012236126229019168,-0.04071129367289957,4.261804031222546,0.005322168489775417,0.005295305568148758,0.006709213360053991,0.006735627602551319,0.005969539669821633,0.005360069035668181,0.005435362350266697,0.004751582557820968,0.007622125133245136,0.006575102569701152,0.005171310666886574,0.0074775412743671,0.007520130096844159,0.004727478233720638,0.008044233781515642,0.006138291561108269,0.006024668019485528,0.057126699873117914
0.02913611631772353,0.17746909289099955,-0.1747318807839504,0.006364716545172937,0.10975630806443047,2.7473525107792325,0.012155369497767712,0.013268463508932236,0.01993932118787873,0.012627511854092678,0.016322244757626503,0.016859015243066853,0.01379634697392858,0.011431376902443054,0.018685236052935515,0.01704952518388976,0.016603980410786433,0.019254309654323783,0.017785863389639785,0.01655270902583871,0.014772355332575152,0.015184262491949442,0.013510873457078817,0.2818058213702457
0.01364603362345529,-0.76530528830544,0.08621950956508258,0.009603479268456751,-0.012013625768077019,1.939639854941157,0.00894887867703656,0.008925452744659937,0.01191854079705814,0.007151860025963281,0.008770690162450743,0.00774694627787454,0.009279797224534411,0.008042514201083045,0.009890103083267779,0.00992708297695476,0.011562557826875456,0.009898982370149611,0.0075208937771835144,0.011556622566618196,0.011866145292233652,0.011818967990175218,0.008999250234242508,-0.019704507450619357
0.03163113875201232,-0.9074418129455395,0.42555735657534566,0.01798904772516206,-0.02737756597755712,2.475880353769385,0.021091654366585277,0.028743106718141388,0.022499512478179804,0.01928117927198913,0.016767871820240015,0.019481367851287082,0.0221241324117939,0.018103095914454297,0.015656968285254865,0.025814331857867995,0.017813352114091924,0.019030889420933218,0.02138792871487597,0.019680639994854903,0.028806486443188582,0.019071103348499464,0.027399699599783413,-0.06545282010781917
0.019879243014313944,0.4417528175201927,-0.7267472097321925,0.0015710537927341992,0.04871962565001895,0.9694099499242859,0.00944377675233435,0.008349030696963126,0.008215854492357488,0.0065552480134726,0.010727521000904856,0.011098056887258284,0.010312407557884255,0.008459057905221534,0.007007175911707789,0.009862856287549094,0.0069930252546724836,0.011340884631579253,0.009655206522427238,0.008166414625985396,0.007320296736744364,0.009197518432749525,0.008312809680204267,0.09024271865844291
0.01352911156560258,0.0,-0.03735947496612324,0.004826065390916952,0.042367505876038936,3.3171540565257067,0.006473441638515901,0.008751076322621409,0.008159861685417933,0.007653571974711011,0.007505485342326655,0.0070567991927098905,0.006730960883520781,0.006367640398072389,0.008336704414697353,0.009801547660186727,0.009716804899602317,0.007554231887600181,0.008234251413110644,0.009047887673633653,0.008373718385822999,0.006747668743586974,0.007227566167501705,-0.0025000361824336625
0.07431595195284026,-0.40506687991317925,0.6819058413230206,0.02504462545417322,0.1345713447944888,3.142099714140715,0.04409060461084438,0.026683883874282364,0.04090122497821233,0.0442812023949019,0.044789818928776294,0.03907295886380306,0.04284007746403518,0.028083183453930908,0.034186932899135596,0.029570687718852,0.031661836897499275,0.03611929356884317,0.03617551967800578,0.03674502922069738,0.0278818557061334,0.027704757800066107,0.031611720685514134,0.04111705100175089
0.026958843795308166,-0.57494931905341,-0.08362462668724437,0.014241788463634877,0.032437049166289894,3.2462715490319196,0.01279753254885038,0.019612155357373127,0.022456802816219985,0.020886817103887942,0.01706297483435771,0.014104639228495993,0.013529457202324669,0.013110771704064762,0.019774129732334347,0.013925923678216545,0.022441980934861775,0.020473234985438984,0.018833633170629648,0.01437660568034396,0.01835133402767537,0.01989263168489365,0.022888823426683094,-0.05753338011614084
0.04439965219480095,-0.5568127190455248,0.6509098485586962,0.017591281103751317,0.05924476076064192,2.7608678912137647,0.028132034920720667,0.023087142951948508,0.021484086967255452,0.022614468038883107,0.02193994403225294,0.022289757117956676,0.031479876446823415,0.02058954931257913,0.022644425247963243,0.01954062507707928,0.01975045411025019,0.0262546996408908,0.03279576565529871,0.03192799847955607,0.022140764330382836,0.030561331786559526,0.018713444725391434,0.022019050649574545
0.04668842764580474,-0.7774733021239508,0.6088107205097582,0.03165235558592709,0.013792115001309288,2.681373348134204,0.02849826513116503,0.04128646112424038,0.031697959789682026,0.03197158159051048,0.03927433993973956,0.028119535288042608,0.03722406005887873,0.029963174952346943,0.02465324127292133,0.03259261586165238,0.028587561520183075,0.026510807706226467,0.029310804532667708,0.03082990583654558,0.02271790661792317,0.040230255041743386,0.04057932513217109,-0.06573012260043176
0.05077498831267213,0.22708185685036142,-0.15089621974581857,0.009445199062789155,0.11649164555346907,2.334141084853876,0.027425690740675884,0.02701226171335975,0.018279412738491103,0.01690017512339826,0.02424346383444694,0.021834098349684423,0.01583106899740007,0.018903168345277145,0.0153759227022857,0.02507452193619388,0.02146373506377118,0.0148289603594643,0.015205110459017731,0.018938689315016483,0.021658633901681358,0.019512910945072803,0.025178887794525685,0.021946120740810038
0.09617262540313543,-0.46277608887292065,0.4448390599519872,0.02764066100311594,0.1410674325202242,3.2102971223735,0.03200573685182057,0.049704013317013664,0.042528238386322685,0.03223113311360913,0.043696525832153964,0.03831264990057975,0.045264985238386665,0.04763338298936223,0.02893708541426893,0.030424681920669265,0.03519194741684618,0.04433624670086709,0.03802688997613871,0.05250776425363192,0.03867171077781261,0.0440728256354803,0.04188802303638193,0.011295822105160669
-0.048779056881899104,-0.6838811232924872,0.08828117385343504,-0.019804249200385468,-0.07650621422530252,2.3602467575907005,-0.028087809680597743,-0.032370610798868306,-0.027583399361417914,-0.03741000763730781,-0.03225984861080567,-0.027818196088939057,-0.033558029098625757,-0.026071501569565492,-0.023499322549111766,-0.025121172738486897,-0.02120999081149509,-0.02702752974955385,-0.024087911008969103,-0.02317490318973741,-0.02206820437496096,-0.02865595200912019,-0.03120954669103428,0.049759750793719304
0.04136785806800529,0.4247314434494601,-0.20668862508267938,0.006805790280534661,0.15298333083841814,2.9218669862249973,0.02389049493812615,0.02454928619340987,0.014056984976951924,0.016124110313126053,0.02222775421133874,0.01365873627172718,0.016196944513674184,0.017948124226865186,0.01788112701507224,0.019948991498694148,0.017312936517015765,0.024512047806460165,0.02390394636947513,0.02105576613555748,0.018865883786711772,0.01897757320305331,0.01609381564520917,0.0012011630117714223
0.016608209660485818,-8.189531112706314,-0.49351407291626886,-0.008247467725053156,0.11807497547206848,1.9208792607082745,0.005358309336138994,0.005658117044675616,0.0041136695289157935,0.0034643650377599363,0.004807742247351648,0.005504232517613861,0.004761574230851924,0.003918502660215935,0.003987337597986213,0.00336378727091372,0.004186459902673024,0.005293346273214122,0.003475056513986979,0.004573287684222627,0.005039501923670154,0.005380358271976931,0.0035317475752820594,0.07576566567592491
0.04575274019136864,2.1554285419422774,-0.003816353490474489,0.0027847517472472175,0.22611958683767783,2.2838407620419074,0.024899790436528443,0.01942207472601732,0.018142965930959834,0.024774743029187588,0.019698439675024482,0.016903025225374253,0.022399271158221212,0.022782284561944182,0.020401193764550993,0.019314712765652643,0.017501078631713598,0.020253501021625587,0.015433119913599446,0.023397219307314206,0.02656680808121137,0.0176354426642688,0.014561190703230687,-0.01285308409212882
-0.039055487768065694,-1.4964511266294758,1.5035644585576513,-0.026340900613917275,0.009914578464117104,2.3352262448555656,-0.022723019778162917,-0.01947707525955186,-0.022515844255390133,-0.026415958697283522,-0.01964798849278823,-0.017026962066022944,-0.024753266669879603,-0.01946965207502391,-0.018232344549515007,-0.01907192271235616,-0.017348650955557595,-0.02649017694477252,-0.02346974289526461,-0.016157213798078128,-0.026054822068587294,-0.021167459794094737,-0.02271291942527887,0.021086477850575047
-0.005286672569292067,-4.674338214413855,-0.6775569924962555,-0.0058762949705587555,0.03714426592640882,1.506744677086132,-0.004977647219070331,-0.006131214650816208,-0.005619620377500129,-0.005570662764918742,-0.005906118145907216,-0.005047622559103601,-0.00568958659327129,-0.00526385322169648,-0.006194668242923287,-0.003553002879489487,-0.0040298480583723295,-0.005732395794043107,-0.004252266089843854,-0.00589147826650767,-0.00454297660179695,-0.004465225989836516,-0.006165391752910014,-0.03822183758688402
0.04125439984845673,-0.8562753622283403,0.8831538884036727,0.04136582008302561,-0.006564154709287011,4.047248197275817,0.03620155959865434,0.025144124728530573,0.023964269691998257,0.029091373068853232,0.031809414997118465,0.0230557671019632,0.027413229633351827,0.023889116802568822,0.02971541436387156,0.023212874881039992,0.03291062253350647,0.020594907607323083,0.02885592664527421,0.036440281243236824,0.025087242476800116,0.022270667463656014,0.020527339405150422,0.03849889558573816
0.10736995334363068,-0.22137499882774755,0.9375007425830348,0.023389199974722857,0.12971256961759567,2.4763283742230118,0.03464786834645005,0.03699580677048971,0.03747784245512019,0.04177980856060119,0.03429198562519106,0.027837671985980663,0.03137715788413297,0.027983976865561686,0.04161593758329812,0.027489088503683378,0.04317394545026484,0.03545349780672081,0.03429701455513319,0.03385708007552427,0.04041511163005439,0.04200579729058365,0.032813994619069656,0.014507699885123904
0.6452874163641414,0.14719833705629215,2.9277570290150523,0.17388280288029412,0.7012335484852281,1.7591570691358704,0.29255950727094887,0.3319799410671269,0.20675741644400833,0.2799441072954662,0.23880511599781365,0.2600146832004612,0.2882710682312794,0.20253029148845547,0.19021838849548317,0.30914867723213874,0.2654074217599784,0.1885621776621152,0.2926148351309214,0.31568194134765887,0.2893287110647214,0.2689426190530202,0.27342897473376915,-0.05000002243939572
0.040460418160766794,-0.6504047839544242,1.4883991840815436,0.03392535562243412,0.01880479232188421,3.3558522832013318,0.018687034713298637,0.021299826561715737,0.02312336579946989,0.02572826155752702,0.03153677483029196,0.03215621218010033,0.01845418866776736,0.01883328909243335,0.02864865069515831,0.023378502186538298,0.029095870904924305,0.025604480037081753,0.028938451178431142,0.019436232137686867,0.02114916250149278,0.02665125731127331,0.017891491838592677,0.034971164695360324
0.18358821570797149,-0.5210677862678906,0.4484707103888308,0.07650689225027824,0.23046112886383455,3.487334314237425,0.06687184526009228,0.07014600411782974,0.08188285893056253,0.09305911033108184,0.06551745960244101,0.10663555367863468,0.08013098054814273,0.06735818312615165,0.09740099515188799,0.08285401118742641,0.10070814390590749,0.08980120938542235,0.0594913630591391,0.06396445791342989,0.10551500111467886,0.05969723430724162,0.07809332932799969,-0.03346176720171612
0.03155331847726839,1.0896712355711735,-0.6454720865160302,0.003803764444968753,0.09573390778120255,2.384931521844064,0.012539044488258844,0.012851354125821411,0.013509913453025369,0.010966918780014554,0.015858458524842294,0.017039864498963466,0.01775691924469802,0.012933321182757244,0.01034128182423794,0.017137823957350615,0.015303914097675661,0.01624768113152084,0.015855592685395492,0.016959360748250957,0.013634069072189147,0.014349672768384007,0.015530682598865652,0.07792651039486231
0.005464593610988268,-0.25384405746554284,0.2085051175457262,0.0023899505051878335,0.010957429598686284,3.054790761019808,0.004194365855735734,0.005124382493285276,0.003412636803382324,0.0034308835124482392,0.003879285297724151,0.004169515460366328,0.004808642140763818,0.003927506316919988,0.0039610429672133456,0.004147109381302447,0.004053531959387073,0.0031758462814610827,0.0042671493430649415,0.0035719955733832347,0.002802641619201355,0.004534412206705128,0.0037677763769292383,-0.008287312229391386
0.10760634489174295,-0.7587166242149685,1.3015164087090736,0.07404755723406642,0.052289975206881625,2.802900753952981,0.05418383383122285,0.0812320612142424,0.08592448163232846,0.07768641445394203,0.052721193534379485,0.08122267411566467,0.08213497019127505,0.055321418528478605,0.05446999149195979,0.0756197680942695,0.07637215166557715,0.0689286685775421,0.05788885282736821,0.06142485094660538,0.06900471360526061,0.0769621445769268,0.05777531749267391,-0.04935554762671435
0.2523190837674767,-0.07490197117731254,1.767506435909989,0.13257016290871979,0.31320089423819364,1.9836591361773457,0.12074225353799176,0.16135146300519912,0.11789002329974417,0.12256794129144434,0.18229890048856648,0.16513711894212116,0.12751660203916945,0.13994226297703896,0.18829029225513436,0.1365060595157543,0.1554059905364036,0.13714328021979097,0.1514657766232968,0.16780855380889584,0.1899435018573158,0.11233690342360049,0.14412053798631164,-0.017457977419461757
0.1670361943107808,0.190416851326804,0.6338030186972099,0.04731651780486449,0.30633142060734525,2.616685897736672,0.06827910299016311,0.09700323055206266,0.07542327722051247,0.06224508583868835,0.09460385397346564,0.07230376933310233,0.07432630107419311,0.06694005506910014,0.05548509295467849,0.06345937005527692,0.06386473916598992,0.06232891860324773,0.05957495604410036,0.060405965648743745,0.08513733773814953,0.07115310428033023,0.07937365474972508,0.12582783353065063
0.13147506209134774,0.13237165158941547,0.4930903659981811,0.030493331325162135,0.3273508489007034,3.494198623923224,0.06253210579610807,0.0404795979310354,0.03938914583435777,0.04545394207194485,0.03900159364030135,0.06366416606922323,0.05567304192249155,0.05550450806380157,0.06290517407788566,0.06188811291721161,0.06466065382701446,0.03956154150255178,0.03799394915912905,0.04464390730367381,0.05106330634767533,0.045034166137350895,0.04982918808519435,-0.019862575069177435
0.1591663275062144,-0.37535942615889917,-0.13838453361858516,0.051678123805369985,0.18895884892596046,2.495219620356287,0.08180211396698836,0.0731363411975089,0.09297130359743339,0.08207705270521477,0.05547533887169529,0.09404592810016715,0.09339734689968017,0.054324115058095646,0.05625563496090164,0.09106872285169237,0.08403610436854932,0.08933206949692872,0.056097576995763704,0.07816960602204868,0.0630742356984963,0.06788918597478702,0.06863829932787342,-0.08858096532245663
0.03518789354682653,-1.1472856486226977,0.7732702024874083,0.03685273380162059,-0.08833409978711902,2.8914531535631447,0.0328020872916258,0.03583100508728166,0.03515119466656817,0.027421568902770685,0.032142579824854384,0.026040715593809192,0.02156315520694855,0.033599556005002564,0.028481178423810885,0.035599996248031035,0.022295547124458717,0.02502009347366248,0.032121816041580556,0.02043437800344824,0.024007300525226826,0.020961106380764774,0.03196069415267473,-0.0434205326971292
-0.05348122901065695,-0.41477069079378465,1.7073148212098992,-0.02070517778444583,-0.0512422907303466,2.5253857621470286,-0.031200643940137534,-0.03097657696185982,-0.028990386199484273,-0.028689304903689185,-0.027649159200131983,-0.022048488531326405,-0.02312353618893691,-0.027123754558955323,-0.021438024789410308,-0.021943193816920944,-0.02112360082964446,-0.03195900142128547,-0.03132696977197771,-0.017986457565396408,-0.031045349970050613,-0.030576793137084675,-0.018996159292638336,-0.06949942407704246
0.049615847409256446,-0.4424784059993672,1.0033054822968168,0.03462223624957906,0.07711699569631787,4.20762930997268,0.03685970731393337,0.025761526394176053,0.03368460824029199,0.03816864825057059,0.024713787617449252,0.026729236914498012,0.027558039039639264,0.03440196711375045,0.027643096574926973,0.03216411409243347,0.02827984990206169,0.03409006136145551,0.030623305690672342,0.0366803995661313,0.030795173993131707,0.03584889339063126,0.023919065239343527,0.01108483561735385
-0.01881170201792417,-2.0257217313501816,0.30774466856669724,0.0065070288266023965,-0.18098029167901716,4.035899496901224,-0.005432228720578154,-0.006642027975943925,-0.007917965948661804,-0.007353185612239872,-0.005471285973115569,-0.006894546535247803,-0.006927663686095673,-0.005220458673260215,-0.00547983176614515,-0.00794002528390628,-0.005644339267732571,-0.004742196185582389,-0.006718222545179349,-0.0056745663102269845,-0.007489700260152599,-0.0072853567897379085,-0.006128096696357745,0.011824753942293986
